Municipios;Distritos;Secciones;Indicadores de renta media y mediana;Periodo;Total
28001 La Acebeda;;;Renta neta media por hogar;2022;29.297
28002 Ajalvir;;;Renta neta media por hogar;2022;43.032
28003 Alameda del Valle;;;Renta neta media por hogar;2022;33.055
28004 El Alamo;;;Renta neta media por hogar;2022;34.027
28005 Alcala de Henares;;;Renta neta media por hogar;2022;39.439
28006 Alcobendas;;;Renta neta media por hogar;2022;62.298
28007 Alcorcon;;;Renta neta media por hogar;2022;39.129
28008 Aldea del Fresno;;;Renta neta media por hogar;2022;31.233
28009 Algete;;;Renta neta media por hogar;2022;55.001
28010 Alpedrete;;;Renta neta media por hogar;2022;47.565
28011 Ambite;;;Renta neta media por hogar;2022;26.074
28012 Anchuelo;;;Renta neta media por hogar;2022;33.443
28013 Aranjuez;;;Renta neta media por hogar;2022;38.060
28014 Arganda del Rey;;;Renta neta media por hogar;2022;37.574
28015 Arroyomolinos;;;Renta neta media por hogar;2022;51.310
28016 El Atazar;;;Renta neta media por hogar;2022;28.644
28017 Batres;;;Renta neta media por hogar;2022;43.660
28018 Becerril de la Sierra;;;Renta neta media por hogar;2022;42.323
28019 Belmonte de Tajo;;;Renta neta media por hogar;2022;30.818
28020 Berzosa del Lozoya;;;Renta neta media por hogar;2022;34.266
28021 El Berrueco;;;Renta neta media por hogar;2022;34.498
28022 Boadilla del Monte;;;Renta neta media por hogar;2022;82.812
28023 El Boalo;;;Renta neta media por hogar;2022;46.878
28024 Braojos;;;Renta neta media por hogar;2022;33.994
28025 Brea de Tajo;;;Renta neta media por hogar;2022;24.309
28026 Brunete;;;Renta neta media por hogar;2022;43.269
28027 Buitrago del Lozoya;;;Renta neta media por hogar;2022;34.635
28028 Bustarviejo;;;Renta neta media por hogar;2022;34.514
28029 Cabanillas de la Sierra;;;Renta neta media por hogar;2022;41.220
28030 La Cabrera;;;Renta neta media por hogar;2022;38.123
28031 Cadalso de los Vidrios;;;Renta neta media por hogar;2022;29.050
28032 Camarma de Esteruelas;;;Renta neta media por hogar;2022;40.197
28033 Campo Real;;;Renta neta media por hogar;2022;35.762
28034 Canencia;;;Renta neta media por hogar;2022;26.831
28035 Carabana;;;Renta neta media por hogar;2022;28.440
28036 Casarrubuelos;;;Renta neta media por hogar;2022;38.592
28037 Cenicientos;;;Renta neta media por hogar;2022;26.570
28038 Cercedilla;;;Renta neta media por hogar;2022;38.098
28039 Cervera de Buitrago;;;Renta neta media por hogar;2022;31.726
28040 Ciempozuelos;;;Renta neta media por hogar;2022;34.497
28041 Cobena;;;Renta neta media por hogar;2022;57.560
28042 Colmenar del Arroyo;;;Renta neta media por hogar;2022;36.725
28043 Colmenar de Oreja;;;Renta neta media por hogar;2022;31.135
28044 Colmenarejo;;;Renta neta media por hogar;2022;46.680
28045 Colmenar Viejo;;;Renta neta media por hogar;2022;48.379
28046 Collado Mediano;;;Renta neta media por hogar;2022;45.440
28047 Collado Villalba;;;Renta neta media por hogar;2022;38.711
28048 Corpa;;;Renta neta media por hogar;2022;32.162
28049 Coslada;;;Renta neta media por hogar;2022;39.677
28050 Cubas de la Sagra;;;Renta neta media por hogar;2022;45.096
28051 Chapineria;;;Renta neta media por hogar;2022;36.999
28052 Chinchon;;;Renta neta media por hogar;2022;30.935
28053 Daganzo de Arriba;;;Renta neta media por hogar;2022;50.114
28054 El Escorial;;;Renta neta media por hogar;2022;42.549
28055 Estremera;;;Renta neta media por hogar;2022;29.799
28056 Fresnedillas de la Oliva;;;Renta neta media por hogar;2022;32.463
28057 Fresno de Torote;;;Renta neta media por hogar;2022;40.386
28058 Fuenlabrada;;;Renta neta media por hogar;2022;35.891
28059 Fuente el Saz de Jarama;;;Renta neta media por hogar;2022;41.002
28060 Fuentiduena de Tajo;;;Renta neta media por hogar;2022;29.598
28061 Galapagar;;;Renta neta media por hogar;2022;46.423
28062 Garganta de los Montes;;;Renta neta media por hogar;2022;33.023
28063 Gargantilla del Lozoya y Pinilla de Buitrago;;;Renta neta media por hogar;2022;32.447
28064 Gascones;;;Renta neta media por hogar;2022;38.467
28065 Getafe;;;Renta neta media por hogar;2022;39.455
28066 Grinon;;;Renta neta media por hogar;2022;47.844
28067 Guadalix de la Sierra;;;Renta neta media por hogar;2022;38.430
28068 Guadarrama;;;Renta neta media por hogar;2022;42.118
28069 La Hiruela;;;Renta neta media por hogar;2022;29.297
28070 Horcajo de la Sierra-Aoslos;;;Renta neta media por hogar;2022;32.575
28071 Horcajuelo de la Sierra;;;Renta neta media por hogar;2022;29.623
28072 Hoyo de Manzanares;;;Renta neta media por hogar;2022;52.795
28073 Humanes de Madrid;;;Renta neta media por hogar;2022;34.559
28074 Leganes;;;Renta neta media por hogar;2022;36.260
28075 Loeches;;;Renta neta media por hogar;2022;39.700
28076 Lozoya;;;Renta neta media por hogar;2022;37.143
28078 Madarcos;;;Renta neta media por hogar;2022;29.297
28079 Madrid;;;Renta neta media por hogar;2022;46.651
28079 Madrid;2807901 Madrid distrito 01;;Renta neta media por hogar;2022;41.059
28079 Madrid;2807902 Madrid distrito 02;;Renta neta media por hogar;2022;49.236
28079 Madrid;2807903 Madrid distrito 03;;Renta neta media por hogar;2022;60.762
28079 Madrid;2807904 Madrid distrito 04;;Renta neta media por hogar;2022;64.925
28079 Madrid;2807905 Madrid distrito 05;;Renta neta media por hogar;2022;74.842
28079 Madrid;2807906 Madrid distrito 06;;Renta neta media por hogar;2022;42.465
28079 Madrid;2807907 Madrid distrito 07;;Renta neta media por hogar;2022;60.032
28079 Madrid;2807908 Madrid distrito 08;;Renta neta media por hogar;2022;58.214
28079 Madrid;2807909 Madrid distrito 09;;Renta neta media por hogar;2022;68.238
28079 Madrid;2807910 Madrid distrito 10;;Renta neta media por hogar;2022;35.669
28079 Madrid;2807911 Madrid distrito 11;;Renta neta media por hogar;2022;33.786
28079 Madrid;2807912 Madrid distrito 12;;Renta neta media por hogar;2022;31.996
28079 Madrid;2807913 Madrid distrito 13;;Renta neta media por hogar;2022;30.339
28079 Madrid;2807914 Madrid distrito 14;;Renta neta media por hogar;2022;40.325
28079 Madrid;2807915 Madrid distrito 15;;Renta neta media por hogar;2022;43.738
28079 Madrid;2807916 Madrid distrito 16;;Renta neta media por hogar;2022;57.506
28079 Madrid;2807917 Madrid distrito 17;;Renta neta media por hogar;2022;32.527
28079 Madrid;2807918 Madrid distrito 18;;Renta neta media por hogar;2022;36.998
28079 Madrid;2807919 Madrid distrito 19;;Renta neta media por hogar;2022;39.505
28079 Madrid;2807920 Madrid distrito 20;;Renta neta media por hogar;2022;41.474
28079 Madrid;2807921 Madrid distrito 21;;Renta neta media por hogar;2022;54.343
28080 Majadahonda;;;Renta neta media por hogar;2022;70.529
28082 Manzanares el Real;;;Renta neta media por hogar;2022;41.294
28083 Meco;;;Renta neta media por hogar;2022;45.490
28084 Mejorada del Campo;;;Renta neta media por hogar;2022;35.905
28085 Miraflores de la Sierra;;;Renta neta media por hogar;2022;38.602
28086 El Molar;;;Renta neta media por hogar;2022;34.397
28087 Molinos, Los;;;Renta neta media por hogar;2022;41.567
28088 Montejo de la Sierra;;;Renta neta media por hogar;2022;31.003
28089 Moraleja de Enmedio;;;Renta neta media por hogar;2022;43.101
28090 Moralzarzal;;;Renta neta media por hogar;2022;50.632
28091 Morata de Tajuna;;;Renta neta media por hogar;2022;32.429
28092 Mostoles;;;Renta neta media por hogar;2022;36.297
28093 Navacerrada;;;Renta neta media por hogar;2022;44.183
28094 Navalafuente;;;Renta neta media por hogar;2022;32.696
28095 Navalagamella;;;Renta neta media por hogar;2022;33.622
28096 Navalcarnero;;;Renta neta media por hogar;2022;40.466
28097 Navarredonda y San Mames;;;Renta neta media por hogar;2022;27.994
28099 Navas del Rey;;;Renta neta media por hogar;2022;32.323
28100 Nuevo Baztan;;;Renta neta media por hogar;2022;42.397
28101 Olmeda de las Fuentes;;;Renta neta media por hogar;2022;39.860
28102 Orusco de Tajuna;;;Renta neta media por hogar;2022;27.946
28104 Paracuellos de Jarama;;;Renta neta media por hogar;2022;60.058
28106 Parla;;;Renta neta media por hogar;2022;32.919
28107 Patones;;;Renta neta media por hogar;2022;36.985
28108 Pedrezuela;;;Renta neta media por hogar;2022;39.124
28109 Pelayos de la Presa;;;Renta neta media por hogar;2022;27.045
28110 Perales de Tajuna;;;Renta neta media por hogar;2022;31.659
28111 Pezuela de las Torres;;;Renta neta media por hogar;2022;31.479
28112 Pinilla del Valle;;;Renta neta media por hogar;2022;32.242
28113 Pinto;;;Renta neta media por hogar;2022;40.277
28114 Pinuecar-Gandullas;;;Renta neta media por hogar;2022;29.189
28115 Pozuelo de Alarcon;;;Renta neta media por hogar;2022;92.596
28116 Pozuelo del Rey;;;Renta neta media por hogar;2022;33.115
28117 Pradena del Rincon;;;Renta neta media por hogar;2022;35.378
28118 Puebla de la Sierra;;;Renta neta media por hogar;2022;27.913
28119 Quijorna;;;Renta neta media por hogar;2022;39.176
28120 Rascafria;;;Renta neta media por hogar;2022;35.048
28121 Reduena;;;Renta neta media por hogar;2022;35.422
28122 Ribatejada;;;Renta neta media por hogar;2022;33.649
28123 Rivas-Vaciamadrid;;;Renta neta media por hogar;2022;50.907
28124 Robledillo de la Jara;;;Renta neta media por hogar;2022;28.016
28125 Robledo de Chavela;;;Renta neta media por hogar;2022;34.460
28126 Robregordo;;;Renta neta media por hogar;2022;29.297
28127 Las Rozas de Madrid;;;Renta neta media por hogar;2022;69.701
28128 Rozas de Puerto Real;;;Renta neta media por hogar;2022;29.221
28129 San Agustin del Guadalix;;;Renta neta media por hogar;2022;57.401
28130 San Fernando de Henares;;;Renta neta media por hogar;2022;38.015
28131 San Lorenzo de El Escorial;;;Renta neta media por hogar;2022;41.729
28132 San Martin de la Vega;;;Renta neta media por hogar;2022;35.818
28133 San Martin de Valdeiglesias;;;Renta neta media por hogar;2022;30.911
28134 San Sebastian de los Reyes;;;Renta neta media por hogar;2022;48.982
28135 Santa Maria de la Alameda;;;Renta neta media por hogar;2022;28.408
28136 Santorcaz;;;Renta neta media por hogar;2022;34.021
28137 Los Santos de la Humosa;;;Renta neta media por hogar;2022;36.759
28138 La Serna del Monte;;;Renta neta media por hogar;2022;30.912
28140 Serranillos del Valle;;;Renta neta media por hogar;2022;45.300
28141 Sevilla la Nueva;;;Renta neta media por hogar;2022;41.407
28143 Somosierra;;;Renta neta media por hogar;2022;29.297
28144 Soto del Real;;;Renta neta media por hogar;2022;52.531
28145 Talamanca de Jarama;;;Renta neta media por hogar;2022;37.255
28146 Tielmes;;;Renta neta media por hogar;2022;30.000
28147 Titulcia;;;Renta neta media por hogar;2022;33.715
28148 Torrejon de Ardoz;;;Renta neta media por hogar;2022;38.759
28149 Torrejon de la Calzada;;;Renta neta media por hogar;2022;44.231
28150 Torrejon de Velasco;;;Renta neta media por hogar;2022;40.526
28151 Torrelaguna;;;Renta neta media por hogar;2022;35.814
28152 Torrelodones;;;Renta neta media por hogar;2022;74.419
28153 Torremocha de Jarama;;;Renta neta media por hogar;2022;38.555
28154 Torres de la Alameda;;;Renta neta media por hogar;2022;37.907
28155 Valdaracete;;;Renta neta media por hogar;2022;30.511
28156 Valdeavero;;;Renta neta media por hogar;2022;35.388
28157 Valdelaguna;;;Renta neta media por hogar;2022;30.198
28158 Valdemanco;;;Renta neta media por hogar;2022;32.638
28159 Valdemaqueda;;;Renta neta media por hogar;2022;26.757
28160 Valdemorillo;;;Renta neta media por hogar;2022;45.034
28161 Valdemoro;;;Renta neta media por hogar;2022;42.398
28162 Valdeolmos-Alalpardo;;;Renta neta media por hogar;2022;49.807
28163 Valdepielagos;;;Renta neta media por hogar;2022;34.783
28164 Valdetorres de Jarama;;;Renta neta media por hogar;2022;40.008
28165 Valdilecha;;;Renta neta media por hogar;2022;30.548
28166 Valverde de Alcala;;;Renta neta media por hogar;2022;32.721
28167 Velilla de San Antonio;;;Renta neta media por hogar;2022;41.761
28168 El Vellon;;;Renta neta media por hogar;2022;31.328
28169 Venturada;;;Renta neta media por hogar;2022;60.024
28170 Villaconejos;;;Renta neta media por hogar;2022;29.228
28171 Villa del Prado;;;Renta neta media por hogar;2022;32.130
28172 Villalbilla;;;Renta neta media por hogar;2022;50.796
28173 Villamanrique de Tajo;;;Renta neta media por hogar;2022;27.699
28174 Villamanta;;;Renta neta media por hogar;2022;34.845
28175 Villamantilla;;;Renta neta media por hogar;2022;36.638
28176 Villanueva de la Canada;;;Renta neta media por hogar;2022;67.178
28177 Villanueva del Pardillo;;;Renta neta media por hogar;2022;55.791
28178 Villanueva de Perales;;;Renta neta media por hogar;2022;38.200
28179 Villar del Olmo;;;Renta neta media por hogar;2022;39.156
28180 Villarejo de Salvanes;;;Renta neta media por hogar;2022;32.250
28181 Villaviciosa de Odon;;;Renta neta media por hogar;2022;62.630
28182 Villavieja del Lozoya;;;Renta neta media por hogar;2022;31.716
28183 Zarzalejo;;;Renta neta media por hogar;2022;30.057
28901 Lozoyuela-Navas-Sieteiglesias;;;Renta neta media por hogar;2022;31.563
28902 Puentes Viejas;;;Renta neta media por hogar;2022;34.732
28903 Tres Cantos;;;Renta neta media por hogar;2022;63.353
