Enlace,Precio,Dormitorios,Superficie,Num_baños,Descripción,Metro,Renfe,Bus,Farmacia,Bar,Restaurante,Hospital,Supermercado,Tienda,Colegio,Imagenes,Vistas,Estado_conservacion,Garaje,Trastero,Piscina,Terraza_balcon,Seguridad_portero,Etiqueta,Amueblado,Calle_tranquila,Imagenes_locales,Aire acondicionado,Tipo_de_inmueble,Año_de_construccion,Calefaccion,Jardin,Ascensor,Tipo_vivienda,Planta_ordinal,distrito/ciudad,Localización_normalizada,Latitud,Longitud,announcement_id,Precio_m2,Longitud_desc,Riqueza_desc,Polaridad_desc,Subjetividad_desc,Adjetivos_positivos,Urgencia_desc,tipo_suelo,material_pared,tipo_ventana,altura_techo,elementos_estructurales_visibles,nivel_lujo,nivel_modernidad,estilo_principal,paleta_colores,calidad_iluminacion,espacio_abierto,distribucion_espacios,espacios_almacenaje,zonas_exteriores,tecnologia_visible,calidad_bano,equipamiento_cocina,defectos_visibles,nivel_foto_profesional,equilibrio_composicion,distorsion_perspectiva,num_imagenes
https://www.tecnocasa.es/venta/piso/madrid/las-rozas-de-madrid/597676.html,380000.0,2,143.0,2,"Inmobiliaria en Las Rozas De Madrid - Tecnocasa Estudio Las Rozas Estacion Slu vende fabulosa vivienda de dos habitaciones, un aseo un cuarto de baño completo con dos plazas de garaje y un trastero en exclusiva zona de Las Rozas de Madrid: La Marazuela. En urbanización con dos piscinas, dos parques infantiles, zonas verdes, mantenimiento y box de recogida de pedidos dentro de la propia urbanización.
El inmueble se encuentra en una primera planta de su bloque y se distribuye en un amplio recibidor-distribuidor, bien aprovechado y con buen espacio, que da acceso directo a un luminoso salón-comedor totalmente exterior y de buen tamaño con split de A/C y paredes lisas. La casa cuenta con una amplia y cómoda cocina en pasillo, con encimera a un lateral y buen espacio de almacenamiento con baldas superiores e inferiores y una terraza tendedero de gran dimensión con la caldera de gas natura independiente del piso.
A continuación, la casa dispone de dos amplios dormitorios, totalmente exteriores también: el principal tiene una armario empotrado de dos cuerpos dobles con apertura corredera; mientras que el segundo dormitorio cuenta con una dimensión y distribución idónea como segundo dormitorio, cuarto de invitados o despacho. El piso cuenta con un cuarto de baño completo, con bañera, bidé y ventana, totalmente reformado; y con un aseo que se hizo a posteriori de la entrega del inmueble.
El piso cuenta con calefacción individual por gas natural, a través de radiadores repartidos por toda la vivienda; así como con dobles ventanas en el salón y en los dos dormitorios, reformadas e instaladas hace pocos años. La casa se vende con dos amplias plazas de garaje, ambas juntas y entre sus propias columnas; así como con un gran y espacioso trastero.
La casa se encuentra en una fabulosa urbanización con todos los servicios y comodidades que ofrece la ubicación exclusiva en la que se encuentra: dos piscinas comunitarias (una para adultos y otra para niños) en un espacio de piscina con césped natural, sombrillas y vestuarios; una amplia zona recreativa infantil, con dos espacios de parque diferenciados y con gran variedad de juegos; además la urbanización dispone de servicio de mantenimiento y de dos box de recogida de pedidos (Amazon y Citibox) dentro de la propia urbanización.
Ubicada en la zona más exclusiva y en mayor crecimiento actual de Las Rozas, el piso dispone de una amplia variedad de servicios en sus proximidades: perfecta comunicación por coche al estar muy próxima a la A-6, pero también a otras de las principales vías de comunicación interurbanas (como la M-40 o la Carretera del Escorial); dispone de dos líneas de autobús propias, la 624 (que nace en la propia Marazuela y va hasta Moncloa) y la línea 628; pero también se encuentra muy próxima de la estación RENFE de Las Rozas. Además, su privilegiada ubicación la situa a pocos minutos de una amplia oferta cultural (como el . Heron City), gastronómica y de comercios (como el . Las Rozas Village, el . Burgo Centro, el . Gran Plaza 2 o el Costco de Las Rozas).
POSIBILIDAD DE FINANCIACION HASTA EL 100% CON NUESTRO DEPARTAMENTO FINANCIERO: KIRON.
¡No lo dudes y contáctanos para venir a verlo!",0,1,1,0,0,0,0,0,0,1,"['https://cdn-media.medialabtc.it/es/agencies/md591/estates/597676/images/8462431/gallery_media.jpeg', 'https://cdn-media.medialabtc.it/es/agencies/md591/estates/597676/images/8446502/gallery_media.jpeg', 'https://cdn-media.medialabtc.it/es/agencies/md591/estates/597676/images/8462434/gallery_media.jpeg', 'https://cdn-media.medialabtc.it/es/agencies/md591/estates/597676/images/8462425/gallery_media.jpeg', 'https://cdn-media.medialabtc.it/es/agencies/md591/estates/597676/images/8446510/gallery_media.jpeg', 'https://cdn-media.medialabtc.it/es/agencies/md591/estates/597676/images/8462432/gallery_media.jpeg', 'https://cdn-media.medialabtc.it/es/agencies/md591/estates/597676/images/8462433/gallery_media.jpeg', 'https://cdn-media.medialabtc.it/es/agencies/md591/estates/597676/images/8462427/gallery_media.jpeg', 'https://cdn-media.medialabtc.it/es/agencies/md591/estates/597676/images/8462441/gallery_media.jpeg', 'https://cdn-media.medialabtc.it/es/agencies/md591/estates/597676/images/8462437/gallery_media.jpeg', 'https://cdn-media.medialabtc.it/es/agencies/md591/estates/597676/images/8446505/gallery_media.jpeg', 'https://cdn-media.medialabtc.it/es/agencies/md591/estates/597676/images/8462439/gallery_media.jpeg', 'https://cdn-media.medialabtc.it/es/agencies/md591/estates/597676/images/8446511/gallery_media.jpeg', 'https://cdn-media.medialabtc.it/es/agencies/md591/estates/597676/images/8462436/gallery_media.jpeg', 'https://cdn-media.medialabtc.it/es/agencies/md591/estates/597676/images/8446504/gallery_media.jpeg', 'https://cdn-media.medialabtc.it/es/agencies/md591/estates/597676/images/8462424/gallery_media.jpeg', 'https://cdn-media.medialabtc.it/es/agencies/md591/estates/597676/images/8462429/gallery_media.jpeg', 'https://cdn-media.medialabtc.it/es/agencies/md591/estates/597676/images/8446534/gallery_media.jpeg', 'https://cdn-media.medialabtc.it/es/agencies/md591/estates/597676/images/8446533/gallery_media.jpeg', 'https://cdn-media.medialabtc.it/es/agencies/md591/estates/597676/images/8462435/gallery_media.jpeg', 'https://cdn-media.medialabtc.it/es/agencies/md591/estates/597676/images/8462442/gallery_media.jpeg', 'https://cdn-media.medialabtc.it/es/agencies/md591/estates/597676/images/8462430/gallery_media.jpeg', 'https://cdn-media.medialabtc.it/es/agencies/md591/estates/597676/images/8462426/gallery_media.jpeg', 'https://cdn-media.medialabtc.it/es/agencies/md591/estates/597676/images/8446512/gallery_media.jpeg', 'https://cdn-media.medialabtc.it/es/agencies/md591/estates/597676/images/8462440/gallery_media.jpeg', 'https://cdn-media.medialabtc.it/es/agencies/md591/estates/597676/images/8462443/gallery_media.jpeg', 'https://cdn-media.medialabtc.it/es/agencies/md591/estates/597676/images/8462438/gallery_media.jpeg', 'https://cdn-media.medialabtc.it/es/agencies/md591/estates/597676/images/8462428/gallery_media.jpeg', 'https://cdn-media.medialabtc.it/es/agencies/md591/estates/597676/images/8446503/gallery_media.jpeg', 'https://cdn-media.medialabtc.it/es/agencies/md591/estates/597676/images/8446506/gallery_media.jpeg']",0,Reformado,1,1,1,1,0,E,0,0,"['imagenes_tecnocasa\\anuncio_1574\\0.jpeg', 'imagenes_tecnocasa\\anuncio_1574\\1.jpeg', 'imagenes_tecnocasa\\anuncio_1574\\2.jpeg', 'imagenes_tecnocasa\\anuncio_1574\\3.jpeg', 'imagenes_tecnocasa\\anuncio_1574\\4.jpeg', 'imagenes_tecnocasa\\anuncio_1574\\5.jpeg', 'imagenes_tecnocasa\\anuncio_1574\\6.jpeg', 'imagenes_tecnocasa\\anuncio_1574\\7.jpeg', 'imagenes_tecnocasa\\anuncio_1574\\8.jpeg', 'imagenes_tecnocasa\\anuncio_1574\\9.jpeg', 'imagenes_tecnocasa\\anuncio_1574\\10.jpeg', 'imagenes_tecnocasa\\anuncio_1574\\11.jpeg', 'imagenes_tecnocasa\\anuncio_1574\\12.jpeg', 'imagenes_tecnocasa\\anuncio_1574\\13.jpeg', 'imagenes_tecnocasa\\anuncio_1574\\14.jpeg', 'imagenes_tecnocasa\\anuncio_1574\\15.jpeg', 'imagenes_tecnocasa\\anuncio_1574\\16.jpeg', 'imagenes_tecnocasa\\anuncio_1574\\17.jpeg', 'imagenes_tecnocasa\\anuncio_1574\\18.jpeg', 'imagenes_tecnocasa\\anuncio_1574\\19.jpeg', 'imagenes_tecnocasa\\anuncio_1574\\20.jpeg', 'imagenes_tecnocasa\\anuncio_1574\\21.jpeg', 'imagenes_tecnocasa\\anuncio_1574\\22.jpeg', 'imagenes_tecnocasa\\anuncio_1574\\23.jpeg', 'imagenes_tecnocasa\\anuncio_1574\\24.jpeg', 'imagenes_tecnocasa\\anuncio_1574\\25.jpeg', 'imagenes_tecnocasa\\anuncio_1574\\26.jpeg', 'imagenes_tecnocasa\\anuncio_1574\\27.jpeg', 'imagenes_tecnocasa\\anuncio_1574\\28.jpeg', 'imagenes_tecnocasa\\anuncio_1574\\29.jpeg']",1,Media,2012,1,0,1,piso,2,Las Rozas De Madrid,Las Rozas De Madrid,40.4933095,-3.8758396,1574,2657.3426573426573,532.0,270.0,0.065,0.2800000000000001,3.0,0.0,otro,pintura,corredera,estándar (2.4-2.8m),nada,4.6,5.4,moderno,"['#F2E8CF', '#3498DB', '#FFFFFF']",buena,False,convencional,normal,ninguno,ninguno,estándar,básica,ninguno,7.8,6.8,ninguna,5
https://www.tecnocasa.es/venta/piso/madrid/tres-cantos/595309.html,695000.0,4,281.0,3,"Agencia inmobiliaria de Tres Cantos vende fantástico chalet adosado en una zona privilegiada.

El chalet se compone por un gran jardín el cual cuenta con mas metros de parcela que los demás, seguido de un fantástico porche el cual nos da paso a la vivienda.

La casa se distribuye en cuatro plantas de la siguiente manera:

En la planta principal encontramos un amplio y luminoso salón comedor desde el cual podremos acceder a la cocina de gran tamaño y aseo de cortesía.

La primera planta consta de tres dormitorios todos de gran tamaño, uno de ellos con baño en suite y un segundo baño completo. Todos los dormitorios cuentan con armarios empotrados.

En la segunda planta, encontramos el encanto de Los Madroños una amplia buhardilla totalmente diáfana.

La planta sótano consta de una zona de lavandería, otro dormitorio y garaje con cabida para dos coches en su interior y otros dos fuera. Desde esta planta accedemos directamente a las zonas comunes.

Ubicado en una zona estratégica cerca de la salida de Tres Cantos hacia Madrid, cerca de transporte público, farmacias, colegios, restaurantes, etc.",0,1,1,0,1,1,0,1,0,1,"['https://cdn-media.medialabtc.it/es/agencies/md570/estates/595309/images/8413278/gallery_media.jpeg', 'https://cdn-media.medialabtc.it/es/agencies/md570/estates/595309/images/8413272/gallery_media.jpeg', 'https://cdn-media.medialabtc.it/es/agencies/md570/estates/595309/images/8413271/gallery_media.jpeg', 'https://cdn-media.medialabtc.it/es/agencies/md570/estates/595309/images/8413269/gallery_media.jpeg', 'https://cdn-media.medialabtc.it/es/agencies/md570/estates/595309/images/8413270/gallery_media.jpeg', 'https://cdn-media.medialabtc.it/es/agencies/md570/estates/595309/images/8413266/gallery_media.jpeg', 'https://cdn-media.medialabtc.it/es/agencies/md570/estates/595309/images/8413267/gallery_media.jpeg', 'https://cdn-media.medialabtc.it/es/agencies/md570/estates/595309/images/8413259/gallery_media.jpeg', 'https://cdn-media.medialabtc.it/es/agencies/md570/estates/595309/images/8413261/gallery_media.jpeg', 'https://cdn-media.medialabtc.it/es/agencies/md570/estates/595309/images/8413273/gallery_media.jpeg', 'https://cdn-media.medialabtc.it/es/agencies/md570/estates/595309/images/8413262/gallery_media.jpeg', 'https://cdn-media.medialabtc.it/es/agencies/md570/estates/595309/images/8413274/gallery_media.jpeg', 'https://cdn-media.medialabtc.it/es/agencies/md570/estates/595309/images/8413263/gallery_media.jpeg', 'https://cdn-media.medialabtc.it/es/agencies/md570/estates/595309/images/8413264/gallery_media.jpeg', 'https://cdn-media.medialabtc.it/es/agencies/md570/estates/595309/images/8413260/gallery_media.jpeg', 'https://cdn-media.medialabtc.it/es/agencies/md570/estates/595309/images/8413275/gallery_media.jpeg', 'https://cdn-media.medialabtc.it/es/agencies/md570/estates/595309/images/8413276/gallery_media.jpeg', 'https://cdn-media.medialabtc.it/es/agencies/md570/estates/595309/images/8413277/gallery_media.jpeg', 'https://cdn-media.medialabtc.it/es/agencies/md570/estates/595309/images/8413268/gallery_media.jpeg', 'https://cdn-media.medialabtc.it/es/agencies/md570/estates/595309/images/8413265/gallery_media.jpeg']",0,Desconocido,1,0,0,0,0,Desconocida,0,0,"['imagenes_tecnocasa\\anuncio_1578\\0.jpeg', 'imagenes_tecnocasa\\anuncio_1578\\1.jpeg', 'imagenes_tecnocasa\\anuncio_1578\\2.jpeg', 'imagenes_tecnocasa\\anuncio_1578\\3.jpeg', 'imagenes_tecnocasa\\anuncio_1578\\4.jpeg', 'imagenes_tecnocasa\\anuncio_1578\\5.jpeg', 'imagenes_tecnocasa\\anuncio_1578\\6.jpeg', 'imagenes_tecnocasa\\anuncio_1578\\7.jpeg', 'imagenes_tecnocasa\\anuncio_1578\\8.jpeg', 'imagenes_tecnocasa\\anuncio_1578\\9.jpeg', 'imagenes_tecnocasa\\anuncio_1578\\10.jpeg', 'imagenes_tecnocasa\\anuncio_1578\\11.jpeg', 'imagenes_tecnocasa\\anuncio_1578\\12.jpeg', 'imagenes_tecnocasa\\anuncio_1578\\13.jpeg', 'imagenes_tecnocasa\\anuncio_1578\\14.jpeg', 'imagenes_tecnocasa\\anuncio_1578\\15.jpeg', 'imagenes_tecnocasa\\anuncio_1578\\16.jpeg', 'imagenes_tecnocasa\\anuncio_1578\\17.jpeg', 'imagenes_tecnocasa\\anuncio_1578\\18.jpeg', 'imagenes_tecnocasa\\anuncio_1578\\19.jpeg']",0,Señorial,1985,0,0,0,piso,4,Tres Cantos,Tres Cantos,40.6065826,-3.7065333,1578,2473.309608540925,183.0,118.0,0.0,0.0,2.0,0.0,cerámica,pintura,otro,estándar (2.4-2.8m),nada,4.0,4.4,moderno,"['#F5F5DC', '#DEB887', '#A0522D']",buena,False,convencional,limitado,ninguno,ninguno,estándar,básica,ninguno,6.4,6.6,ninguna,5
https://www.tecnocasa.es/venta/piso/madrid/madrid/598114.html,359000.0,2,60.0,1,"Agencia de Madrid, zona salamanca-fuente del berro- goya vende piso exterior, ubicado en el prestigioso Paseo Marqués de Zafra, te ofrece la posibilidad de crear el hogar de tus sueños. Con 60 m² bien distribuidos, cuenta con dos dormitorios, un salón acogedor, cocina, cuarto de baño y un práctico tendedero. Al ser una vivienda en esquina, la luz natural inunda cada rincón, creando un ambiente cálido y agradable.
Aunque necesita reforma, su potencial es innegable. El edificio, con un solo piso por planta, garantiza tranquilidad y pocos gastos de comunidad. Además, su ubicación es inmejorable: a un paso de hospitales, farmacias, colegios, supermercados y parques, y perfectamente conectado con la red de transporte público. No pierdas la oportunidad de vivir en una zona privilegiada y darle tu toque personal a este espacio lleno de posibilidades. ¡Ven a visitarlo y descubre todo lo que este piso tiene para ofrecerte!
Tecnocasa dispone de un servicio financiero de consulta gratuita para nuestros clientes.",1,1,1,1,1,1,0,1,1,1,"['https://cdn-media.medialabtc.it/es/agencies/mdas1/estates/598114/images/8460005/gallery_media.jpeg', 'https://cdn-media.medialabtc.it/es/agencies/mdas1/estates/598114/images/8460008/gallery_media.jpeg', 'https://cdn-media.medialabtc.it/es/agencies/mdas1/estates/598114/images/8459999/gallery_media.jpeg', 'https://cdn-media.medialabtc.it/es/agencies/mdas1/estates/598114/images/8460038/gallery_media.jpeg', 'https://cdn-media.medialabtc.it/es/agencies/mdas1/estates/598114/images/8459998/gallery_media.jpeg', 'https://cdn-media.medialabtc.it/es/agencies/mdas1/estates/598114/images/8460003/gallery_media.jpeg', 'https://cdn-media.medialabtc.it/es/agencies/mdas1/estates/598114/images/8460002/gallery_media.jpeg', 'https://cdn-media.medialabtc.it/es/agencies/mdas1/estates/598114/images/8460033/gallery_media.jpeg', 'https://cdn-media.medialabtc.it/es/agencies/mdas1/estates/598114/images/8460034/gallery_media.jpeg', 'https://cdn-media.medialabtc.it/es/agencies/mdas1/estates/598114/images/8459996/gallery_media.jpeg', 'https://cdn-media.medialabtc.it/es/agencies/mdas1/estates/598114/images/8460011/gallery_media.jpeg', 'https://cdn-media.medialabtc.it/es/agencies/mdas1/estates/598114/images/8459997/gallery_media.jpeg', 'https://cdn-media.medialabtc.it/es/agencies/mdas1/estates/598114/images/8460009/gallery_media.jpeg', 'https://cdn-media.medialabtc.it/es/agencies/mdas1/estates/598114/images/8459995/gallery_media.jpeg', 'https://cdn-media.medialabtc.it/es/agencies/mdas1/estates/598114/images/8460001/gallery_media.jpeg', 'https://cdn-media.medialabtc.it/es/agencies/mdas1/estates/598114/images/8460037/gallery_media.jpeg', 'https://cdn-media.medialabtc.it/es/agencies/mdas1/estates/598114/images/8460035/gallery_media.jpeg', 'https://cdn-media.medialabtc.it/es/agencies/mdas1/estates/598114/images/8460007/gallery_media.jpeg', 'https://cdn-media.medialabtc.it/es/agencies/mdas1/estates/598114/images/8460036/gallery_media.jpeg', 'https://cdn-media.medialabtc.it/es/agencies/mdas1/estates/598114/images/8460012/gallery_media.jpeg', 'https://cdn-media.medialabtc.it/es/agencies/mdas1/estates/598114/images/8460006/gallery_media.jpeg', 'https://cdn-media.medialabtc.it/es/agencies/mdas1/estates/598114/images/8460010/gallery_media.jpeg', 'https://cdn-media.medialabtc.it/es/agencies/mdas1/estates/598114/images/8459994/gallery_media.jpeg', 'https://cdn-media.medialabtc.it/es/agencies/mdas1/estates/598114/images/8460004/gallery_media.jpeg', 'https://cdn-media.medialabtc.it/es/agencies/mdas1/estates/598114/images/8460000/gallery_media.jpeg']",0,Desconocido,0,0,0,0,0,E,0,0,"['imagenes_tecnocasa\\anuncio_1596\\0.jpeg', 'imagenes_tecnocasa\\anuncio_1596\\1.jpeg', 'imagenes_tecnocasa\\anuncio_1596\\2.jpeg', 'imagenes_tecnocasa\\anuncio_1596\\3.jpeg', 'imagenes_tecnocasa\\anuncio_1596\\4.jpeg', 'imagenes_tecnocasa\\anuncio_1596\\5.jpeg', 'imagenes_tecnocasa\\anuncio_1596\\6.jpeg', 'imagenes_tecnocasa\\anuncio_1596\\7.jpeg', 'imagenes_tecnocasa\\anuncio_1596\\8.jpeg', 'imagenes_tecnocasa\\anuncio_1596\\9.jpeg', 'imagenes_tecnocasa\\anuncio_1596\\10.jpeg', 'imagenes_tecnocasa\\anuncio_1596\\11.jpeg', 'imagenes_tecnocasa\\anuncio_1596\\12.jpeg', 'imagenes_tecnocasa\\anuncio_1596\\13.jpeg', 'imagenes_tecnocasa\\anuncio_1596\\14.jpeg', 'imagenes_tecnocasa\\anuncio_1596\\15.jpeg', 'imagenes_tecnocasa\\anuncio_1596\\16.jpeg', 'imagenes_tecnocasa\\anuncio_1596\\17.jpeg', 'imagenes_tecnocasa\\anuncio_1596\\18.jpeg', 'imagenes_tecnocasa\\anuncio_1596\\19.jpeg', 'imagenes_tecnocasa\\anuncio_1596\\20.jpeg', 'imagenes_tecnocasa\\anuncio_1596\\21.jpeg', 'imagenes_tecnocasa\\anuncio_1596\\22.jpeg', 'imagenes_tecnocasa\\anuncio_1596\\23.jpeg', 'imagenes_tecnocasa\\anuncio_1596\\24.jpeg']",0,Media,1961,1,0,0,piso,2,Fuente del Berro,"Fuente Del Berro, Madrid",40.424977,-3.6636998,1596,5983.333333333333,160.0,120.0,0.03333333333333333,0.2333333333333333,0.0,0.0,cerámica,pintura,corredera,estándar (2.4-2.8m),nada,3.4,4.0,convencional,"['#FFFFFF', '#D3D3D3', '#A9A9A9']",regular,False,convencional,limitado,ninguno,ninguno,estándar,básica,ninguno,6.0,5.8,ninguna,5
https://www.tecnocasa.es/venta/casa/madrid/fuenlabrada/597249.html,375000.0,3,147.0,2,"'Agencia inmobiliaria de Fuenlabrada zona Centro-Arroyo Tecnocasa FUENLABRADA GESTION INMOBILIARIA 2022 SL:

EN VENTA: Gran Chalet Adosado de 147M² para entrar a vivir, construido en el año 1990.
Consta de 3 plantas, distribuidas en:
4 habitaciones, 2 baños completos y un aseo, samplio salon con acceso a jardín, cocina y plaza de garaje opcional.

Vivienda en perfecto estado para entrar a vivir.

Planta baja: Entrada de paso a amplio salon luminoso, cocina equipada, aseo, acceso a patio con trastero y plaza de garaje (opcional)

Primera planta: Habitaciones grandes y luminosas con armarios empotrados. La habitacion principal cuenta con baño privado y acceso a balcon. El resto de habitaciones tambien cuenta con acceso a balcon y armarios mepotrados. Esta planta tambien cuenta con baño amplio y comodo con plato de ducha.

Boardilla: Habitacion amplia y espacio diafano.

Vivienda rodeada de todo tipo de servicios.

Zona bien comunicada con renfe, metro, autobuses y otros medios de transporte. La zona cuenta con comercios, supermercados, farmacias, centro de salud, entre otros.",1,1,1,1,1,1,0,1,1,1,"['https://cdn-media.medialabtc.it/es/agencies/md579/estates/597249/images/8490402/gallery_media.jpeg', 'https://cdn-media.medialabtc.it/es/agencies/md579/estates/597249/images/8490420/gallery_media.jpeg', 'https://cdn-media.medialabtc.it/es/agencies/md579/estates/597249/images/8490407/gallery_media.jpeg', 'https://cdn-media.medialabtc.it/es/agencies/md579/estates/597249/images/8490410/gallery_media.jpeg', 'https://cdn-media.medialabtc.it/es/agencies/md579/estates/597249/images/8490416/gallery_media.jpeg', 'https://cdn-media.medialabtc.it/es/agencies/md579/estates/597249/images/8490413/gallery_media.jpeg', 'https://cdn-media.medialabtc.it/es/agencies/md579/estates/597249/images/8490419/gallery_media.jpeg', 'https://cdn-media.medialabtc.it/es/agencies/md579/estates/597249/images/8490404/gallery_media.jpeg', 'https://cdn-media.medialabtc.it/es/agencies/md579/estates/597249/images/8490381/gallery_media.jpeg', 'https://cdn-media.medialabtc.it/es/agencies/md579/estates/597249/images/8490408/gallery_media.jpeg', 'https://cdn-media.medialabtc.it/es/agencies/md579/estates/597249/images/8490412/gallery_media.jpeg', 'https://cdn-media.medialabtc.it/es/agencies/md579/estates/597249/images/8490417/gallery_media.jpeg', 'https://cdn-media.medialabtc.it/es/agencies/md579/estates/597249/images/8490415/gallery_media.jpeg', 'https://cdn-media.medialabtc.it/es/agencies/md579/estates/597249/images/8490403/gallery_media.jpeg', 'https://cdn-media.medialabtc.it/es/agencies/md579/estates/597249/images/8490409/gallery_media.jpeg', 'https://cdn-media.medialabtc.it/es/agencies/md579/estates/597249/images/8490414/gallery_media.jpeg', 'https://cdn-media.medialabtc.it/es/agencies/md579/estates/597249/images/8490405/gallery_media.jpeg', 'https://cdn-media.medialabtc.it/es/agencies/md579/estates/597249/images/8490418/gallery_media.jpeg', 'https://cdn-media.medialabtc.it/es/agencies/md579/estates/597249/images/8490406/gallery_media.jpeg', 'https://cdn-media.medialabtc.it/es/agencies/md579/estates/597249/images/8490411/gallery_media.jpeg']",0,Desconocido,1,1,0,1,0,Desconocida,0,0,"['imagenes_tecnocasa\\anuncio_1597\\0.jpeg', 'imagenes_tecnocasa\\anuncio_1597\\1.jpeg', 'imagenes_tecnocasa\\anuncio_1597\\2.jpeg', 'imagenes_tecnocasa\\anuncio_1597\\3.jpeg', 'imagenes_tecnocasa\\anuncio_1597\\4.jpeg', 'imagenes_tecnocasa\\anuncio_1597\\5.jpeg', 'imagenes_tecnocasa\\anuncio_1597\\6.jpeg', 'imagenes_tecnocasa\\anuncio_1597\\7.jpeg', 'imagenes_tecnocasa\\anuncio_1597\\8.jpeg', 'imagenes_tecnocasa\\anuncio_1597\\9.jpeg', 'imagenes_tecnocasa\\anuncio_1597\\10.jpeg', 'imagenes_tecnocasa\\anuncio_1597\\11.jpeg', 'imagenes_tecnocasa\\anuncio_1597\\12.jpeg', 'imagenes_tecnocasa\\anuncio_1597\\13.jpeg', 'imagenes_tecnocasa\\anuncio_1597\\14.jpeg', 'imagenes_tecnocasa\\anuncio_1597\\15.jpeg', 'imagenes_tecnocasa\\anuncio_1597\\16.jpeg', 'imagenes_tecnocasa\\anuncio_1597\\17.jpeg', 'imagenes_tecnocasa\\anuncio_1597\\18.jpeg', 'imagenes_tecnocasa\\anuncio_1597\\19.jpeg']",0,Popular,1990,0,0,0,casa,1,Fuenlabrada,Fuenlabrada,40.282476,-3.7923422,1597,2551.0204081632655,167.0,113.0,0.0,0.0,2.0,0.0,cerámica,pintura,ninguna visible,estándar (2.4-2.8m),nada,4.0,4.6,clásico,"['#F2E9E1', '#FFFFFF', '#A0522D']",regular,False,convencional,limitado,ninguno,ninguno,estándar,básica,ninguno,6.6,6.4,ninguna,5
https://www.tecnocasa.es/venta/piso/madrid/madrid/603157.html,455000.0,3,103.0,2,"ATICO DUPLEX EN CALLE BELVER EN LA ZONA DE BERRUGUETE, MADRID
¡Descubre el ático que siempre has soñado! Este impresionante dúplex en la última planta de un edificio te ofrece un luminoso ático con una espectacular terraza de 30 metros cuadrados que rodea completamente la vivienda. Imagina disfrutar de diferentes ambientes al aire libre mientras contemplas las vistas privilegiadas de la ciudad y de toda la sierra. Con 103 m² construidos, este hogar cuenta con 3 dormitorios con armarios empotrados, 2 baños en buen estado, plaza de garaje de 18 metros cuadrados y un trastero de dos alturas, ideal para tu comodidad y la de tu familia.
Construido en 2003, el dúplex se encuentra en excelente estado de conservación y ofrece calefacción por bomba de frío/calor a gas natural, asegurando confort durante todo el año. Además, incluye un trastero para mayor espacio de almacenamiento. Situado en la planta 4 con orientación norte-sur, este hogar es perfecto para quienes buscan luz natural y ventilación. El edificio cuenta con ascensor, facilitando el acceso a tu nuevo hogar. ¡Visítalo y enamórate de cada rincón!",1,1,1,1,1,1,0,1,1,1,"['https://cdn-media.medialabtc.it/es/agencies/md031/estates/603157/images/8578552/gallery_media.jpeg', 'https://cdn-media.medialabtc.it/es/agencies/md031/estates/603157/images/8578578/gallery_media.jpeg', 'https://cdn-media.medialabtc.it/es/agencies/md031/estates/603157/images/8578550/gallery_media.jpeg', 'https://cdn-media.medialabtc.it/es/agencies/md031/estates/603157/images/8578577/gallery_media.jpeg', 'https://cdn-media.medialabtc.it/es/agencies/md031/estates/603157/images/8578579/gallery_media.jpeg', 'https://cdn-media.medialabtc.it/es/agencies/md031/estates/603157/images/8578576/gallery_media.jpeg', 'https://cdn-media.medialabtc.it/es/agencies/md031/estates/603157/images/8578584/gallery_media.jpeg', 'https://cdn-media.medialabtc.it/es/agencies/md031/estates/603157/images/8578580/gallery_media.jpeg', 'https://cdn-media.medialabtc.it/es/agencies/md031/estates/603157/images/8578575/gallery_media.jpeg', 'https://cdn-media.medialabtc.it/es/agencies/md031/estates/603157/images/8578551/gallery_media.jpeg', 'https://cdn-media.medialabtc.it/es/agencies/md031/estates/603157/images/8578585/gallery_media.jpeg', 'https://cdn-media.medialabtc.it/es/agencies/md031/estates/603157/images/8578573/gallery_media.jpeg', 'https://cdn-media.medialabtc.it/es/agencies/md031/estates/603157/images/8578574/gallery_media.jpeg', 'https://cdn-media.medialabtc.it/es/agencies/md031/estates/603157/images/8578583/gallery_media.jpeg', 'https://cdn-media.medialabtc.it/es/agencies/md031/estates/603157/images/8578582/gallery_media.jpeg', 'https://cdn-media.medialabtc.it/es/agencies/md031/estates/603157/images/8578586/gallery_media.jpeg', 'https://cdn-media.medialabtc.it/es/agencies/md031/estates/603157/images/8578581/gallery_media.jpeg']",1,Buen estado,1,1,0,1,0,E,0,0,"['imagenes_tecnocasa\\anuncio_1600\\0.jpeg', 'imagenes_tecnocasa\\anuncio_1600\\1.jpeg', 'imagenes_tecnocasa\\anuncio_1600\\2.jpeg', 'imagenes_tecnocasa\\anuncio_1600\\3.jpeg', 'imagenes_tecnocasa\\anuncio_1600\\4.jpeg', 'imagenes_tecnocasa\\anuncio_1600\\5.jpeg', 'imagenes_tecnocasa\\anuncio_1600\\6.jpeg', 'imagenes_tecnocasa\\anuncio_1600\\7.jpeg', 'imagenes_tecnocasa\\anuncio_1600\\8.jpeg', 'imagenes_tecnocasa\\anuncio_1600\\9.jpeg', 'imagenes_tecnocasa\\anuncio_1600\\10.jpeg', 'imagenes_tecnocasa\\anuncio_1600\\11.jpeg', 'imagenes_tecnocasa\\anuncio_1600\\12.jpeg', 'imagenes_tecnocasa\\anuncio_1600\\13.jpeg', 'imagenes_tecnocasa\\anuncio_1600\\14.jpeg', 'imagenes_tecnocasa\\anuncio_1600\\15.jpeg', 'imagenes_tecnocasa\\anuncio_1600\\16.jpeg']",0,Media,2003,0,0,0,piso,2,Berruguete,"Tetuán, Berruguete, Madrid",40.4602706,-3.7043452,1600,4417.47572815534,181.0,127.0,0.375,0.6,1.0,1.0,parquet,pintura,corredera,estándar (2.4-2.8m),nada,3.4,4.8,moderno,"['#FFFFFF', '#D3D3D3', '#808080']",buena,False,convencional,limitado,ninguno,ninguno,estándar,básica,ninguno,7.4,6.4,ninguna,5
https://www.tecnocasa.es/venta/piso/madrid/madrid/593818.html,265000.0,1,62.0,1,"Agencia inmobiliaria de MADRID zona BERRUGUETE - TETUÁN Oficina Tecnocasa
En Venta:
piso en finca seminueva en segunda planta exterior con ascensor de un dormitorio, salón con cocina, baño y trastero. Excelente comunicación. Ideal para parejas.
La zona dispone de todos los servicios, parques supermercados farmacias. Además esta muy bien comunicada tanto por metro (lineas 1 y 7) como por autobús (lineas: 11, 44, 64, 126, 127, 128, 132, 177.. . ). cuenta con las estaciones de renfe Chamartin y nuevos ministerios.",1,1,1,1,1,1,0,1,1,1,"['https://cdn-media.medialabtc.it/es/agencies/md031/estates/593818/images/8369493/gallery_media.jpeg', 'https://cdn-media.medialabtc.it/es/agencies/md031/estates/593818/images/8369480/gallery_media.jpeg', 'https://cdn-media.medialabtc.it/es/agencies/md031/estates/593818/images/8369483/gallery_media.jpeg', 'https://cdn-media.medialabtc.it/es/agencies/md031/estates/593818/images/8369473/gallery_media.jpeg', 'https://cdn-media.medialabtc.it/es/agencies/md031/estates/593818/images/8369485/gallery_media.jpeg', 'https://cdn-media.medialabtc.it/es/agencies/md031/estates/593818/images/8369482/gallery_media.jpeg', 'https://cdn-media.medialabtc.it/es/agencies/md031/estates/593818/images/8369488/gallery_media.jpeg', 'https://cdn-media.medialabtc.it/es/agencies/md031/estates/593818/images/8369499/gallery_media.jpeg', 'https://cdn-media.medialabtc.it/es/agencies/md031/estates/593818/images/8369486/gallery_media.jpeg', 'https://cdn-media.medialabtc.it/es/agencies/md031/estates/593818/images/8369452/gallery_media.jpeg', 'https://cdn-media.medialabtc.it/es/agencies/md031/estates/593818/images/8369494/gallery_media.jpeg', 'https://cdn-media.medialabtc.it/es/agencies/md031/estates/593818/images/8369451/gallery_media.jpeg', 'https://cdn-media.medialabtc.it/es/agencies/md031/estates/593818/images/8369477/gallery_media.jpeg', 'https://cdn-media.medialabtc.it/es/agencies/md031/estates/593818/images/8369491/gallery_media.jpeg', 'https://cdn-media.medialabtc.it/es/agencies/md031/estates/593818/images/8369479/gallery_media.jpeg', 'https://cdn-media.medialabtc.it/es/agencies/md031/estates/593818/images/8369490/gallery_media.jpeg', 'https://cdn-media.medialabtc.it/es/agencies/md031/estates/593818/images/8369498/gallery_media.jpeg', 'https://cdn-media.medialabtc.it/es/agencies/md031/estates/593818/images/8369487/gallery_media.jpeg', 'https://cdn-media.medialabtc.it/es/agencies/md031/estates/593818/images/8369475/gallery_media.jpeg', 'https://cdn-media.medialabtc.it/es/agencies/md031/estates/593818/images/8369497/gallery_media.jpeg', 'https://cdn-media.medialabtc.it/es/agencies/md031/estates/593818/images/8369496/gallery_media.jpeg', 'https://cdn-media.medialabtc.it/es/agencies/md031/estates/593818/images/8369500/gallery_media.jpeg', 'https://cdn-media.medialabtc.it/es/agencies/md031/estates/593818/images/8369474/gallery_media.jpeg', 'https://cdn-media.medialabtc.it/es/agencies/md031/estates/593818/images/8369476/gallery_media.jpeg', 'https://cdn-media.medialabtc.it/es/agencies/md031/estates/593818/images/8369484/gallery_media.jpeg', 'https://cdn-media.medialabtc.it/es/agencies/md031/estates/593818/images/8369478/gallery_media.jpeg', 'https://cdn-media.medialabtc.it/es/agencies/md031/estates/593818/images/8369495/gallery_media.jpeg', 'https://cdn-media.medialabtc.it/es/agencies/md031/estates/593818/images/8369481/gallery_media.jpeg', 'https://cdn-media.medialabtc.it/es/agencies/md031/estates/593818/images/8369492/gallery_media.jpeg', 'https://cdn-media.medialabtc.it/es/agencies/md031/estates/593818/images/8369489/gallery_media.jpeg']",0,Desconocido,0,1,0,0,0,E,0,0,"['imagenes_tecnocasa\\anuncio_1601\\0.jpeg', 'imagenes_tecnocasa\\anuncio_1601\\1.jpeg', 'imagenes_tecnocasa\\anuncio_1601\\2.jpeg', 'imagenes_tecnocasa\\anuncio_1601\\3.jpeg', 'imagenes_tecnocasa\\anuncio_1601\\4.jpeg', 'imagenes_tecnocasa\\anuncio_1601\\5.jpeg', 'imagenes_tecnocasa\\anuncio_1601\\6.jpeg', 'imagenes_tecnocasa\\anuncio_1601\\7.jpeg', 'imagenes_tecnocasa\\anuncio_1601\\8.jpeg', 'imagenes_tecnocasa\\anuncio_1601\\9.jpeg', 'imagenes_tecnocasa\\anuncio_1601\\10.jpeg', 'imagenes_tecnocasa\\anuncio_1601\\11.jpeg', 'imagenes_tecnocasa\\anuncio_1601\\12.jpeg', 'imagenes_tecnocasa\\anuncio_1601\\13.jpeg', 'imagenes_tecnocasa\\anuncio_1601\\14.jpeg', 'imagenes_tecnocasa\\anuncio_1601\\15.jpeg', 'imagenes_tecnocasa\\anuncio_1601\\16.jpeg', 'imagenes_tecnocasa\\anuncio_1601\\17.jpeg', 'imagenes_tecnocasa\\anuncio_1601\\18.jpeg', 'imagenes_tecnocasa\\anuncio_1601\\19.jpeg', 'imagenes_tecnocasa\\anuncio_1601\\20.jpeg', 'imagenes_tecnocasa\\anuncio_1601\\21.jpeg', 'imagenes_tecnocasa\\anuncio_1601\\22.jpeg', 'imagenes_tecnocasa\\anuncio_1601\\23.jpeg', 'imagenes_tecnocasa\\anuncio_1601\\24.jpeg', 'imagenes_tecnocasa\\anuncio_1601\\25.jpeg', 'imagenes_tecnocasa\\anuncio_1601\\26.jpeg', 'imagenes_tecnocasa\\anuncio_1601\\27.jpeg', 'imagenes_tecnocasa\\anuncio_1601\\28.jpeg', 'imagenes_tecnocasa\\anuncio_1601\\29.jpeg']",0,Señorial,2007,0,0,0,piso,2,Berruguete,"Tetuán, Berruguete, Madrid",40.4602706,-3.7043452,1601,4274.193548387097,82.0,72.0,0.9,1.0,0.0,1.0,cerámica,pintura,ninguna visible,estándar (2.4-2.8m),nada,3.2,3.8,clásico,"['#D2B48C', '#FFFFFF', '#A0522D']",buena,False,convencional,limitado,ninguno,ninguno,estándar,básica,ninguno,7.0,6.0,ninguna,5
https://www.tecnocasa.es/venta/casa/madrid/los-santos-de-la-humosa/588086.html,119900.0,4,212.0,1,"AGENCIA INMOBILIARIA TECNOCASA POZO DE GUADALAJARA

VENDE: Casa de pueblo en el centro del municipio de LOS SANTOS DE LA HUMOSA.

La vivienda esta compuesta de 2 plantas, en la planta baja nos encontramos con un amplio recibidor, salón, dormitorio, cocina a reformar con chimenea de leña y baño.

En la primera planta se encuentra una sala de estar y 3 dormitorios.

A la parte trasera nos encontramos con 2 estancias, dedicadas a trastero aunque en la parte superior que da a la calle se podría hacer un garaje.

La vivienda necesita reforma pero dispone de muchas posibilidades.

No dudes en venir a verla porque puede ser lo que estas buscando.

Además te recordamos que te ayudamos con la financiación de la vivienda gracias a nuestro departamento financiero KIRON.

Para más información llámenos o pase por nuestra oficina situada en PLAZA MAYOR 5 LOCAL 2 - POZO DE GUADALAJARA.",0,0,1,0,0,0,0,0,0,1,"['https://cdn-media.medialabtc.it/es/agencies/gu504/estates/588086/images/8262458/gallery_media.jpeg', 'https://cdn-media.medialabtc.it/es/agencies/gu504/estates/588086/images/8262460/gallery_media.jpeg', 'https://cdn-media.medialabtc.it/es/agencies/gu504/estates/588086/images/8262478/gallery_media.jpeg', 'https://cdn-media.medialabtc.it/es/agencies/gu504/estates/588086/images/8262479/gallery_media.jpeg', 'https://cdn-media.medialabtc.it/es/agencies/gu504/estates/588086/images/8262462/gallery_media.jpeg', 'https://cdn-media.medialabtc.it/es/agencies/gu504/estates/588086/images/8262464/gallery_media.jpeg', 'https://cdn-media.medialabtc.it/es/agencies/gu504/estates/588086/images/8262476/gallery_media.jpeg', 'https://cdn-media.medialabtc.it/es/agencies/gu504/estates/588086/images/8262461/gallery_media.jpeg', 'https://cdn-media.medialabtc.it/es/agencies/gu504/estates/588086/images/8262472/gallery_media.jpeg', 'https://cdn-media.medialabtc.it/es/agencies/gu504/estates/588086/images/8262463/gallery_media.jpeg', 'https://cdn-media.medialabtc.it/es/agencies/gu504/estates/588086/images/8262474/gallery_media.jpeg', 'https://cdn-media.medialabtc.it/es/agencies/gu504/estates/588086/images/8262459/gallery_media.jpeg', 'https://cdn-media.medialabtc.it/es/agencies/gu504/estates/588086/images/8262446/gallery_media.jpeg', 'https://cdn-media.medialabtc.it/es/agencies/gu504/estates/588086/images/8262457/gallery_media.jpeg', 'https://cdn-media.medialabtc.it/es/agencies/gu504/estates/588086/images/8262448/gallery_media.jpeg', 'https://cdn-media.medialabtc.it/es/agencies/gu504/estates/588086/images/8262473/gallery_media.jpeg', 'https://cdn-media.medialabtc.it/es/agencies/gu504/estates/588086/images/8262467/gallery_media.jpeg', 'https://cdn-media.medialabtc.it/es/agencies/gu504/estates/588086/images/8262477/gallery_media.jpeg', 'https://cdn-media.medialabtc.it/es/agencies/gu504/estates/588086/images/8262471/gallery_media.jpeg', 'https://cdn-media.medialabtc.it/es/agencies/gu504/estates/588086/images/8262455/gallery_media.jpeg', 'https://cdn-media.medialabtc.it/es/agencies/gu504/estates/588086/images/8262447/gallery_media.jpeg', 'https://cdn-media.medialabtc.it/es/agencies/gu504/estates/588086/images/8262469/gallery_media.jpeg', 'https://cdn-media.medialabtc.it/es/agencies/gu504/estates/588086/images/8262465/gallery_media.jpeg', 'https://cdn-media.medialabtc.it/es/agencies/gu504/estates/588086/images/8262475/gallery_media.jpeg', 'https://cdn-media.medialabtc.it/es/agencies/gu504/estates/588086/images/8262470/gallery_media.jpeg', 'https://cdn-media.medialabtc.it/es/agencies/gu504/estates/588086/images/8262456/gallery_media.jpeg', 'https://cdn-media.medialabtc.it/es/agencies/gu504/estates/588086/images/8262445/gallery_media.jpeg', 'https://cdn-media.medialabtc.it/es/agencies/gu504/estates/588086/images/8262466/gallery_media.jpeg', 'https://cdn-media.medialabtc.it/es/agencies/gu504/estates/588086/images/8262468/gallery_media.jpeg', 'https://cdn-media.medialabtc.it/es/agencies/gu504/estates/588086/images/8262480/gallery_media.jpeg']",0,A reformar,1,1,0,0,0,Desconocida,0,0,"['imagenes_tecnocasa\\anuncio_1602\\0.jpeg', 'imagenes_tecnocasa\\anuncio_1602\\1.jpeg', 'imagenes_tecnocasa\\anuncio_1602\\2.jpeg', 'imagenes_tecnocasa\\anuncio_1602\\3.jpeg', 'imagenes_tecnocasa\\anuncio_1602\\4.jpeg', 'imagenes_tecnocasa\\anuncio_1602\\5.jpeg', 'imagenes_tecnocasa\\anuncio_1602\\6.jpeg', 'imagenes_tecnocasa\\anuncio_1602\\7.jpeg', 'imagenes_tecnocasa\\anuncio_1602\\8.jpeg', 'imagenes_tecnocasa\\anuncio_1602\\9.jpeg', 'imagenes_tecnocasa\\anuncio_1602\\10.jpeg', 'imagenes_tecnocasa\\anuncio_1602\\11.jpeg', 'imagenes_tecnocasa\\anuncio_1602\\12.jpeg', 'imagenes_tecnocasa\\anuncio_1602\\13.jpeg', 'imagenes_tecnocasa\\anuncio_1602\\14.jpeg', 'imagenes_tecnocasa\\anuncio_1602\\15.jpeg', 'imagenes_tecnocasa\\anuncio_1602\\16.jpeg', 'imagenes_tecnocasa\\anuncio_1602\\17.jpeg', 'imagenes_tecnocasa\\anuncio_1602\\18.jpeg', 'imagenes_tecnocasa\\anuncio_1602\\19.jpeg', 'imagenes_tecnocasa\\anuncio_1602\\20.jpeg', 'imagenes_tecnocasa\\anuncio_1602\\21.jpeg', 'imagenes_tecnocasa\\anuncio_1602\\22.jpeg', 'imagenes_tecnocasa\\anuncio_1602\\23.jpeg', 'imagenes_tecnocasa\\anuncio_1602\\24.jpeg', 'imagenes_tecnocasa\\anuncio_1602\\25.jpeg', 'imagenes_tecnocasa\\anuncio_1602\\26.jpeg', 'imagenes_tecnocasa\\anuncio_1602\\27.jpeg', 'imagenes_tecnocasa\\anuncio_1602\\28.jpeg', 'imagenes_tecnocasa\\anuncio_1602\\29.jpeg']",0,Señorial,1900,0,0,0,casa,2,Los Santos De La Humosa,Los Santos De La Humosa,40.5012957,-3.2566803,1602,565.566037735849,149.0,108.0,0.35,0.45,1.0,0.0,cerámica,pintura,ninguna visible,estándar (2.4-2.8m),nada,2.0,1.2,clásico,"['#A0522D', '#F5F5DC', '#8B4513']",regular,False,poco funcional,limitado,ninguno,ninguno,básico,básica,desgaste,6.0,4.2,ninguna,5
https://www.tecnocasa.es/venta/casa/madrid/pinto/588889.html,325000.0,3,131.0,1,"Casa independiente haciendo esquina de 173 m2, con un amplio patio, para rehabilitar. Se encuentra ubicada en el centro de Pinto, próxima a todos los servicios necesarios. Múltiples posibilidades de crear la vivienda de tus sueños en una zona privilegiada.",0,1,1,1,1,1,0,1,1,1,"['https://cdn-media.medialabtc.it/es/agencies/md509/estates/588889/images/8467726/gallery_media.jpeg', 'https://cdn-media.medialabtc.it/es/agencies/md509/estates/588889/images/8467723/gallery_media.jpeg', 'https://cdn-media.medialabtc.it/es/agencies/md509/estates/588889/images/8467725/gallery_media.jpeg', 'https://cdn-media.medialabtc.it/es/agencies/md509/estates/588889/images/8319596/gallery_media.jpeg', 'https://cdn-media.medialabtc.it/es/agencies/md509/estates/588889/images/8319599/gallery_media.jpeg', 'https://cdn-media.medialabtc.it/es/agencies/md509/estates/588889/images/8319598/gallery_media.jpeg', 'https://cdn-media.medialabtc.it/es/agencies/md509/estates/588889/images/8319601/gallery_media.jpeg', 'https://cdn-media.medialabtc.it/es/agencies/md509/estates/588889/images/8319597/gallery_media.jpeg', 'https://cdn-media.medialabtc.it/es/agencies/md509/estates/588889/images/8319595/gallery_media.jpeg', 'https://cdn-media.medialabtc.it/es/agencies/md509/estates/588889/images/8467724/gallery_media.jpeg', 'https://cdn-media.medialabtc.it/es/agencies/md509/estates/588889/images/8467722/gallery_media.jpeg', 'https://cdn-media.medialabtc.it/es/agencies/md509/estates/588889/images/8319600/gallery_media.jpeg']",0,Desconocido,0,0,0,0,0,Desconocida,0,0,"['imagenes_tecnocasa\\anuncio_1611\\0.jpeg', 'imagenes_tecnocasa\\anuncio_1611\\1.jpeg', 'imagenes_tecnocasa\\anuncio_1611\\2.jpeg', 'imagenes_tecnocasa\\anuncio_1611\\3.jpeg', 'imagenes_tecnocasa\\anuncio_1611\\4.jpeg', 'imagenes_tecnocasa\\anuncio_1611\\5.jpeg', 'imagenes_tecnocasa\\anuncio_1611\\6.jpeg', 'imagenes_tecnocasa\\anuncio_1611\\7.jpeg', 'imagenes_tecnocasa\\anuncio_1611\\8.jpeg', 'imagenes_tecnocasa\\anuncio_1611\\9.jpeg', 'imagenes_tecnocasa\\anuncio_1611\\10.jpeg', 'imagenes_tecnocasa\\anuncio_1611\\11.jpeg']",0,Popular,1950,0,0,0,casa,1,Pinto,Pinto,40.240985,-3.7005072,1611,2480.916030534351,40.0,36.0,0.0,0.0,1.0,0.0,otro,otro,grandes ventanales,estándar (2.4-2.8m),nada,3.4,3.6,moderno,"['#FFFFFF', '#CC6600', '#A0522D']",buena,False,convencional,limitado,ninguno,ninguno,estándar,básica,ninguno,7.0,7.2,ninguna,5
https://www.tecnocasa.es/venta/piso/madrid/las-rozas-de-madrid/582948.html,419000.0,4,106.0,3,"Inmobiliaria en Las Rozas De Madrid - Tecnocasa Estudio Las Rozas Estacion Slu vende fantástica vivienda a reformar con cuatro dormitorios y tres cuartos de baño completos, plaza de garaje y trastero en la demandada Urbanización Verdepark, que cuenta con dos piscinas (una infantil y otra de adultos), zonas verdes, parque infantil y servicio de conserjería.
Al piso se accede por un distribuidor que nos da acceso directo a un amplísimo salón-comedor con su terraza propia; y, al otro lado, una cocina de grandes dimensiones con terraza-tendedero. El piso cuenta con cuatro estancias, tres de ellas principales, con unas distribuciones y tamaño idóneos; de las cuales una dispone de cuarto de baño en suite, dotando a dicha habitación del título de dormitorio principal; y un cuarto dormitorio o despacho completa la totalidad del inmueble. Además del cuarto de baño en suite de la habitación principal, la casa dispone de otros dos cuartos de baño, todos ellos completos, uno con plato de ducha y el otro con bañera.
La vivienda se encuentra en la Urbanización Verdepark, una de las más demandadas de la zona del centro de Las Rozas de Madrid, y con unas envidiables zonas comunes: disponiendo de dos piscinas, una de adultos y otra de niños, zonas verdes y espacios comunitarios, entre los que se encuentra un parque infantil. El piso se vende con una amplia plaza de garaje y un trastero, todo ello incluido en el precio y en el mismo bloque de la vivienda.
Localizada en una ubicación privilegiada y estratégica, el inmueble está perfectamente comunicado con las principales carreteras y vías de circunvalación (como la M-40, la A-6 o la Carretera de El Escorial); pero también dispone de múltiples paradas de transporte público (autobús y RENFE) en las cercanías; y de toda una amplia oferta de ocio, restauración y comercio en sus inmediaciones, entre los que se incluyen los centros comerciales más próximos (como el Carrefour Market de El Montecillo, el . El Burgo Centro, el . El Carralero, el . Heron City o el . Gran Plaza 2).
POSIBILIDAD DE FINANCIACION AL 100% CON NUESTRO DEPARTAMENTO FINANCIERO: KIRON.
No lo dudes y contáctanos para venir a visitarlo.",0,1,1,1,1,1,0,1,1,1,"['https://cdn-media.medialabtc.it/es/agencies/md591/estates/582948/images/8222814/gallery_media.jpeg', 'https://cdn-media.medialabtc.it/es/agencies/md591/estates/582948/images/8222818/gallery_media.jpeg', 'https://cdn-media.medialabtc.it/es/agencies/md591/estates/582948/images/8222824/gallery_media.jpeg', 'https://cdn-media.medialabtc.it/es/agencies/md591/estates/582948/images/8222803/gallery_media.jpeg', 'https://cdn-media.medialabtc.it/es/agencies/md591/estates/582948/images/8222811/gallery_media.jpeg', 'https://cdn-media.medialabtc.it/es/agencies/md591/estates/582948/images/8222798/gallery_media.jpeg', 'https://cdn-media.medialabtc.it/es/agencies/md591/estates/582948/images/8222820/gallery_media.jpeg', 'https://cdn-media.medialabtc.it/es/agencies/md591/estates/582948/images/8222799/gallery_media.jpeg', 'https://cdn-media.medialabtc.it/es/agencies/md591/estates/582948/images/8222810/gallery_media.jpeg', 'https://cdn-media.medialabtc.it/es/agencies/md591/estates/582948/images/8222819/gallery_media.jpeg', 'https://cdn-media.medialabtc.it/es/agencies/md591/estates/582948/images/8222807/gallery_media.jpeg', 'https://cdn-media.medialabtc.it/es/agencies/md591/estates/582948/images/8222826/gallery_media.jpeg', 'https://cdn-media.medialabtc.it/es/agencies/md591/estates/582948/images/8222797/gallery_media.jpeg', 'https://cdn-media.medialabtc.it/es/agencies/md591/estates/582948/images/8222822/gallery_media.jpeg', 'https://cdn-media.medialabtc.it/es/agencies/md591/estates/582948/images/8222801/gallery_media.jpeg', 'https://cdn-media.medialabtc.it/es/agencies/md591/estates/582948/images/8222806/gallery_media.jpeg', 'https://cdn-media.medialabtc.it/es/agencies/md591/estates/582948/images/8222816/gallery_media.jpeg', 'https://cdn-media.medialabtc.it/es/agencies/md591/estates/582948/images/8222821/gallery_media.jpeg', 'https://cdn-media.medialabtc.it/es/agencies/md591/estates/582948/images/8222805/gallery_media.jpeg', 'https://cdn-media.medialabtc.it/es/agencies/md591/estates/582948/images/8222808/gallery_media.jpeg', 'https://cdn-media.medialabtc.it/es/agencies/md591/estates/582948/images/8222812/gallery_media.jpeg', 'https://cdn-media.medialabtc.it/es/agencies/md591/estates/582948/images/8222802/gallery_media.jpeg', 'https://cdn-media.medialabtc.it/es/agencies/md591/estates/582948/images/8222809/gallery_media.jpeg', 'https://cdn-media.medialabtc.it/es/agencies/md591/estates/582948/images/8222825/gallery_media.jpeg', 'https://cdn-media.medialabtc.it/es/agencies/md591/estates/582948/images/8222800/gallery_media.jpeg', 'https://cdn-media.medialabtc.it/es/agencies/md591/estates/582948/images/8222815/gallery_media.jpeg', 'https://cdn-media.medialabtc.it/es/agencies/md591/estates/582948/images/8222817/gallery_media.jpeg', 'https://cdn-media.medialabtc.it/es/agencies/md591/estates/582948/images/8222804/gallery_media.jpeg', 'https://cdn-media.medialabtc.it/es/agencies/md591/estates/582948/images/8222813/gallery_media.jpeg', 'https://cdn-media.medialabtc.it/es/agencies/md591/estates/582948/images/8222823/gallery_media.jpeg']",0,A reformar,1,1,0,1,0,E,0,0,"['imagenes_tecnocasa\\anuncio_1615\\0.jpeg', 'imagenes_tecnocasa\\anuncio_1615\\1.jpeg', 'imagenes_tecnocasa\\anuncio_1615\\2.jpeg', 'imagenes_tecnocasa\\anuncio_1615\\3.jpeg', 'imagenes_tecnocasa\\anuncio_1615\\4.jpeg', 'imagenes_tecnocasa\\anuncio_1615\\5.jpeg', 'imagenes_tecnocasa\\anuncio_1615\\6.jpeg', 'imagenes_tecnocasa\\anuncio_1615\\7.jpeg', 'imagenes_tecnocasa\\anuncio_1615\\8.jpeg', 'imagenes_tecnocasa\\anuncio_1615\\9.jpeg', 'imagenes_tecnocasa\\anuncio_1615\\10.jpeg', 'imagenes_tecnocasa\\anuncio_1615\\11.jpeg', 'imagenes_tecnocasa\\anuncio_1615\\12.jpeg', 'imagenes_tecnocasa\\anuncio_1615\\13.jpeg', 'imagenes_tecnocasa\\anuncio_1615\\14.jpeg', 'imagenes_tecnocasa\\anuncio_1615\\15.jpeg', 'imagenes_tecnocasa\\anuncio_1615\\16.jpeg', 'imagenes_tecnocasa\\anuncio_1615\\17.jpeg', 'imagenes_tecnocasa\\anuncio_1615\\18.jpeg', 'imagenes_tecnocasa\\anuncio_1615\\19.jpeg', 'imagenes_tecnocasa\\anuncio_1615\\20.jpeg', 'imagenes_tecnocasa\\anuncio_1615\\21.jpeg', 'imagenes_tecnocasa\\anuncio_1615\\22.jpeg', 'imagenes_tecnocasa\\anuncio_1615\\23.jpeg', 'imagenes_tecnocasa\\anuncio_1615\\24.jpeg', 'imagenes_tecnocasa\\anuncio_1615\\25.jpeg', 'imagenes_tecnocasa\\anuncio_1615\\26.jpeg', 'imagenes_tecnocasa\\anuncio_1615\\27.jpeg', 'imagenes_tecnocasa\\anuncio_1615\\28.jpeg', 'imagenes_tecnocasa\\anuncio_1615\\29.jpeg']",0,Popular,1976,0,0,1,piso,2,Las Rozas De Madrid,Las Rozas De Madrid,40.4933095,-3.8758396,1615,3952.830188679245,362.0,202.0,0.0,0.0,0.0,0.0,parquet,pintura,corredera,estándar (2.4-2.8m),nada,3.6,3.4,convencional,"['#F5F5DC', '#FFE4C4', '#DEB887']",buena,False,convencional,limitado,ninguno,ninguno,estándar,parcialmente equipada,ninguno,6.4,5.8,leve,5
https://www.tecnocasa.es/venta/casa/madrid/valdeolmos-alalpardo/597258.html,549000.0,4,529.0,2,"Oficina Algete, agencia Inmobiliaria del grupo Tecnocasa en zona Algete - Prado Norte - Santo Domingo- Alalpardo-Valdeolmos, VENDE en exclusiva estupendo chalet independiente en la zona de Alalpardo.
La zona cuenta con todos los servicios cerca. Farmacia, restaurantes, comercios, colegios, zonas verdes, bancos, etc.
De las mejores zonas de Madrid, ubicada en el norte de la provincia con fácil acceso por
M-100, M-111, M-103, M-123, A-1 Y R-2. Muy próximo al centro comercial Plaza Norte 2, al Aeropuerto de Barajas, Parque Corredor.
Servicio de transporte público disponible: Autobuses 182 y 254. Muy próximo al hospital Infanta Sofía.
DESCRIPCIÓN
Chalet Independiente de tres plantas con piscina privada y jacuzzi situada en una de las mejores zonas de Alalpardo, a escasos metros del Club de Golf Retamares y de la parada de autobuses, ideal para familias que busquen una vivienda en una zona tranquila situada al norte de Madrid. PARA ENTRAR A VIVIR
Planta primera compuesta por un porche cerrado, hall de entrada, un gran salón, un aseo, gran cocina con despensa y una espectacular terraza con barbacoa de obra y horno de piedra. El jardín con piscina privada y jacuzzi.
Planta segunda distribuida en tres dormitorios secundarios, el dormitorio principal con baño en suite con jacuzzi y plato de ducha, un baño completo, un vestidor y una terraza cerrada con acceso desde todas las habitaciones.
En planta sótano disponemos de un amplio espacio para diversos usos ( sala de juegos, sala de cine, gimnasio, despacho para el teletrabajo, etc.) y con la disponibilidad de poner un negocio porque contamos con una puerta de salida directamente a la puerta de entrada a la vivienda. Todos estos metros se encuentran escriturados.
Con piscina privada y dos jacuzzis.
Muy cerca del colegio Árula, centro educativo muy prestigioso en los alrededores de la vivienda.
Zona muy tranquila y muy bien comunicada, línea de autobuses 182 y 254. A 30 minutos al centro de Madrid, Aeropuerto a diez minutos en coche y acceso directo a M-100, M-111, M-106, M-123, A-1 y R-2.
Confía en grupo Tecnocasa, con más de 30 años de experiencia en España.
Si tienes dudas con tu hipoteca, no dudes en ponerte en contacto con nosotros. Nuestro departamento financiero Kiron puede asesorarte gratuitamente.
Oficina Algete
Calle Valdeamor, 46 28110
Horario de atención al cliente
L-V 9:30-14:00 y 17:00-21:00
Sábados 10:00-14:00.",0,0,1,0,0,0,0,0,0,1,"['https://cdn-media.medialabtc.it/es/agencies/md555/estates/597258/images/8437142/gallery_media.jpeg', 'https://cdn-media.medialabtc.it/es/agencies/md555/estates/597258/images/8437092/gallery_media.jpeg', 'https://cdn-media.medialabtc.it/es/agencies/md555/estates/597258/images/8437143/gallery_media.jpeg', 'https://cdn-media.medialabtc.it/es/agencies/md555/estates/597258/images/8437091/gallery_media.jpeg', 'https://cdn-media.medialabtc.it/es/agencies/md555/estates/597258/images/8437085/gallery_media.jpeg', 'https://cdn-media.medialabtc.it/es/agencies/md555/estates/597258/images/8437135/gallery_media.jpeg', 'https://cdn-media.medialabtc.it/es/agencies/md555/estates/597258/images/8437090/gallery_media.jpeg', 'https://cdn-media.medialabtc.it/es/agencies/md555/estates/597258/images/8437133/gallery_media.jpeg', 'https://cdn-media.medialabtc.it/es/agencies/md555/estates/597258/images/8437138/gallery_media.jpeg', 'https://cdn-media.medialabtc.it/es/agencies/md555/estates/597258/images/8437089/gallery_media.jpeg', 'https://cdn-media.medialabtc.it/es/agencies/md555/estates/597258/images/8437088/gallery_media.jpeg', 'https://cdn-media.medialabtc.it/es/agencies/md555/estates/597258/images/8437150/gallery_media.jpeg', 'https://cdn-media.medialabtc.it/es/agencies/md555/estates/597258/images/8437141/gallery_media.jpeg', 'https://cdn-media.medialabtc.it/es/agencies/md555/estates/597258/images/8437145/gallery_media.jpeg', 'https://cdn-media.medialabtc.it/es/agencies/md555/estates/597258/images/8437149/gallery_media.jpeg', 'https://cdn-media.medialabtc.it/es/agencies/md555/estates/597258/images/8437136/gallery_media.jpeg', 'https://cdn-media.medialabtc.it/es/agencies/md555/estates/597258/images/8437140/gallery_media.jpeg', 'https://cdn-media.medialabtc.it/es/agencies/md555/estates/597258/images/8437087/gallery_media.jpeg', 'https://cdn-media.medialabtc.it/es/agencies/md555/estates/597258/images/8437139/gallery_media.jpeg', 'https://cdn-media.medialabtc.it/es/agencies/md555/estates/597258/images/8437083/gallery_media.jpeg', 'https://cdn-media.medialabtc.it/es/agencies/md555/estates/597258/images/8437152/gallery_media.jpeg', 'https://cdn-media.medialabtc.it/es/agencies/md555/estates/597258/images/8437137/gallery_media.jpeg', 'https://cdn-media.medialabtc.it/es/agencies/md555/estates/597258/images/8437144/gallery_media.jpeg', 'https://cdn-media.medialabtc.it/es/agencies/md555/estates/597258/images/8437084/gallery_media.jpeg', 'https://cdn-media.medialabtc.it/es/agencies/md555/estates/597258/images/8437146/gallery_media.jpeg', 'https://cdn-media.medialabtc.it/es/agencies/md555/estates/597258/images/8437148/gallery_media.jpeg', 'https://cdn-media.medialabtc.it/es/agencies/md555/estates/597258/images/8439694/gallery_media.jpeg', 'https://cdn-media.medialabtc.it/es/agencies/md555/estates/597258/images/8437147/gallery_media.jpeg', 'https://cdn-media.medialabtc.it/es/agencies/md555/estates/597258/images/8437134/gallery_media.jpeg', 'https://cdn-media.medialabtc.it/es/agencies/md555/estates/597258/images/8437151/gallery_media.jpeg']",0,Desconocido,0,0,1,1,0,E,0,1,"['imagenes_tecnocasa\\anuncio_1628\\0.jpeg', 'imagenes_tecnocasa\\anuncio_1628\\1.jpeg', 'imagenes_tecnocasa\\anuncio_1628\\2.jpeg', 'imagenes_tecnocasa\\anuncio_1628\\3.jpeg', 'imagenes_tecnocasa\\anuncio_1628\\4.jpeg', 'imagenes_tecnocasa\\anuncio_1628\\5.jpeg', 'imagenes_tecnocasa\\anuncio_1628\\6.jpeg', 'imagenes_tecnocasa\\anuncio_1628\\7.jpeg', 'imagenes_tecnocasa\\anuncio_1628\\8.jpeg', 'imagenes_tecnocasa\\anuncio_1628\\9.jpeg', 'imagenes_tecnocasa\\anuncio_1628\\10.jpeg', 'imagenes_tecnocasa\\anuncio_1628\\11.jpeg', 'imagenes_tecnocasa\\anuncio_1628\\12.jpeg', 'imagenes_tecnocasa\\anuncio_1628\\13.jpeg', 'imagenes_tecnocasa\\anuncio_1628\\14.jpeg', 'imagenes_tecnocasa\\anuncio_1628\\15.jpeg', 'imagenes_tecnocasa\\anuncio_1628\\16.jpeg', 'imagenes_tecnocasa\\anuncio_1628\\17.jpeg', 'imagenes_tecnocasa\\anuncio_1628\\18.jpeg', 'imagenes_tecnocasa\\anuncio_1628\\19.jpeg', 'imagenes_tecnocasa\\anuncio_1628\\20.jpeg', 'imagenes_tecnocasa\\anuncio_1628\\21.jpeg', 'imagenes_tecnocasa\\anuncio_1628\\22.jpeg', 'imagenes_tecnocasa\\anuncio_1628\\23.jpeg', 'imagenes_tecnocasa\\anuncio_1628\\24.jpeg', 'imagenes_tecnocasa\\anuncio_1628\\25.jpeg', 'imagenes_tecnocasa\\anuncio_1628\\26.jpeg', 'imagenes_tecnocasa\\anuncio_1628\\27.jpeg', 'imagenes_tecnocasa\\anuncio_1628\\28.jpeg', 'imagenes_tecnocasa\\anuncio_1628\\29.jpeg']",1,Popular,1992,1,1,0,casa,1,Valdeolmos-Alalpardo,Valdeolmos-Alalpardo,40.6385429,-3.4532436,1628,1037.8071833648394,387.0,235.0,0.9,1.0,1.0,1.0,parquet,pintura,corredera,estándar (2.4-2.8m),nada,5.2,3.8,clásico,"['#D2B48C', '#F5F5DC', '#A0522D']",buena,False,convencional,amplio,ninguno,ninguno,estándar,básica,ninguno,6.8,6.8,ninguna,5
https://www.tecnocasa.es/venta/piso/madrid/alcala-de-henares/585114.html,269900.0,2,136.0,2,"AGENCIA INMOBILIARIA DE ALCALÁ DE HENARES, OFICINA DE TECNOCASA VENDE EXCELENTE VIVIENDA EN EL ENSANCHE.

¿Estás buscando un nuevo hogar en una zona privilegiada? ¡Este piso en venta es la oportunidad que estabas esperando! Con una superficie de 90m2 construidos, este inmueble te ofrece amplitud y comodidad en cada rincón. Además, cuenta con una ubicación privilegiada, con servicios como centros de salud, colegios, institutos y comercios cercanos, así como una estación de tren a solo 10 minutos a pie y paradas de líneas urbanas e interurbanas cercanas. ¡No te faltará de nada!

El piso está distribuido en un hall recibidor, cocina independiente, salón comedor independiente con aire acondicionado. 2 baños completos de los cuales uno en suite y 2 dormitorios con armarios empotrados. Además, cuenta con mejoras como aire acondicionado, suelos de parquet, calefacción de gas natural individual y ventanas de aluminio climalit. Y lo mejor de todo, ¡incluye plaza de garaje y trastero en el precio!

Este inmueble se encuentra en la planta primera con ascensor, y ofrece una orientación estupenda. Además, cuenta con una zona común con bancos para disfrutar en los días más calurosos. ¡No dejes pasar esta oportunidad única! Contacta con nosotros para más información y concertar una visita.

Y si necesitas financiación, ¡tenemos una opción del hasta el 100% con nuestro departamento financiero KIRON!",0,1,1,1,1,1,0,1,1,1,"['https://cdn-media.medialabtc.it/es/agencies/md554/estates/585114/images/8392148/gallery_media.jpeg', 'https://cdn-media.medialabtc.it/es/agencies/md554/estates/585114/images/8218800/gallery_media.jpeg', 'https://cdn-media.medialabtc.it/es/agencies/md554/estates/585114/images/8218793/gallery_media.jpeg', 'https://cdn-media.medialabtc.it/es/agencies/md554/estates/585114/images/8218790/gallery_media.jpeg', 'https://cdn-media.medialabtc.it/es/agencies/md554/estates/585114/images/8392140/gallery_media.jpeg', 'https://cdn-media.medialabtc.it/es/agencies/md554/estates/585114/images/8392143/gallery_media.jpeg', 'https://cdn-media.medialabtc.it/es/agencies/md554/estates/585114/images/8392147/gallery_media.jpeg', 'https://cdn-media.medialabtc.it/es/agencies/md554/estates/585114/images/8218786/gallery_media.jpeg', 'https://cdn-media.medialabtc.it/es/agencies/md554/estates/585114/images/8392146/gallery_media.jpeg', 'https://cdn-media.medialabtc.it/es/agencies/md554/estates/585114/images/8218787/gallery_media.jpeg', 'https://cdn-media.medialabtc.it/es/agencies/md554/estates/585114/images/8218801/gallery_media.jpeg', 'https://cdn-media.medialabtc.it/es/agencies/md554/estates/585114/images/8392145/gallery_media.jpeg', 'https://cdn-media.medialabtc.it/es/agencies/md554/estates/585114/images/8392141/gallery_media.jpeg', 'https://cdn-media.medialabtc.it/es/agencies/md554/estates/585114/images/8218795/gallery_media.jpeg', 'https://cdn-media.medialabtc.it/es/agencies/md554/estates/585114/images/8392144/gallery_media.jpeg', 'https://cdn-media.medialabtc.it/es/agencies/md554/estates/585114/images/8218789/gallery_media.jpeg', 'https://cdn-media.medialabtc.it/es/agencies/md554/estates/585114/images/8218791/gallery_media.jpeg', 'https://cdn-media.medialabtc.it/es/agencies/md554/estates/585114/images/8392142/gallery_media.jpeg', 'https://cdn-media.medialabtc.it/es/agencies/md554/estates/585114/images/8392149/gallery_media.jpeg', 'https://cdn-media.medialabtc.it/es/agencies/md554/estates/585114/images/8218798/gallery_media.jpeg', 'https://cdn-media.medialabtc.it/es/agencies/md554/estates/585114/images/8218788/gallery_media.jpeg', 'https://cdn-media.medialabtc.it/es/agencies/md554/estates/585114/images/8218797/gallery_media.jpeg', 'https://cdn-media.medialabtc.it/es/agencies/md554/estates/585114/images/8218794/gallery_media.jpeg', 'https://cdn-media.medialabtc.it/es/agencies/md554/estates/585114/images/8218799/gallery_media.jpeg', 'https://cdn-media.medialabtc.it/es/agencies/md554/estates/585114/images/8218796/gallery_media.jpeg', 'https://cdn-media.medialabtc.it/es/agencies/md554/estates/585114/images/8218792/gallery_media.jpeg']",0,Desconocido,1,1,0,0,0,Desconocida,0,0,"['imagenes_tecnocasa\\anuncio_1635\\0.jpeg', 'imagenes_tecnocasa\\anuncio_1635\\1.jpeg', 'imagenes_tecnocasa\\anuncio_1635\\2.jpeg', 'imagenes_tecnocasa\\anuncio_1635\\3.jpeg', 'imagenes_tecnocasa\\anuncio_1635\\4.jpeg', 'imagenes_tecnocasa\\anuncio_1635\\5.jpeg', 'imagenes_tecnocasa\\anuncio_1635\\6.jpeg', 'imagenes_tecnocasa\\anuncio_1635\\7.jpeg', 'imagenes_tecnocasa\\anuncio_1635\\8.jpeg', 'imagenes_tecnocasa\\anuncio_1635\\9.jpeg', 'imagenes_tecnocasa\\anuncio_1635\\10.jpeg', 'imagenes_tecnocasa\\anuncio_1635\\11.jpeg', 'imagenes_tecnocasa\\anuncio_1635\\12.jpeg', 'imagenes_tecnocasa\\anuncio_1635\\13.jpeg', 'imagenes_tecnocasa\\anuncio_1635\\14.jpeg', 'imagenes_tecnocasa\\anuncio_1635\\15.jpeg', 'imagenes_tecnocasa\\anuncio_1635\\16.jpeg', 'imagenes_tecnocasa\\anuncio_1635\\17.jpeg', 'imagenes_tecnocasa\\anuncio_1635\\18.jpeg', 'imagenes_tecnocasa\\anuncio_1635\\19.jpeg', 'imagenes_tecnocasa\\anuncio_1635\\20.jpeg', 'imagenes_tecnocasa\\anuncio_1635\\21.jpeg', 'imagenes_tecnocasa\\anuncio_1635\\22.jpeg', 'imagenes_tecnocasa\\anuncio_1635\\23.jpeg', 'imagenes_tecnocasa\\anuncio_1635\\24.jpeg', 'imagenes_tecnocasa\\anuncio_1635\\25.jpeg']",1,Media,2000,1,0,0,piso,1,Alcalá de Henares,"Ensanche, Alcalá De Henares",40.481954,-3.363981,1635,1984.5588235294117,219.0,154.0,0.05,0.4,0.0,1.0,parquet,pintura,ninguna visible,estándar (2.4-2.8m),nada,3.8,4.4,convencional,"['#A0522D', '#DEB887', '#F5F5DC']",regular,False,convencional,limitado,ninguno,ninguno,estándar,básica,ninguno,4.8,6.0,ninguna,5
https://www.tecnocasa.es/venta/casa/madrid/alcala-de-henares/582637.html,395000.0,6,237.0,3,"AGENCIA INMOBILIARIA DE ALCALÁ DE HENARES, OFICINA DE TECNOCASA ZONA ENSANCHE-NOGALES VENDE IMPECABLE CHALET ADOSADO EN EL ENSANCHE.

La zona destaca por su cómoda accesibilidad desde la Nacional A-2, además cuenta con numerosas paradas de autobús urbano e interurbano, y la estación de Alcalá de Henares a sólo 15 minutos andando.

Además la zona cuenta con una gran variedad de servicios como: Colegios ( Pablo Neruda, Alborada, Mozart.. . ) Institutos ( IES Pedro Gumiel, IES Doctor Marañón, IES Alborada. ) centro de especialidades Francisco Díaz, además de bancos, farmacias, bares y todo tipo de comercios.

La vivienda se encuentra en un BUEN ESTADO DE CONSERVACIÓN y está distribuida en cuatro plantas, se compone de:

Sótano: Capacidad para dos vehículos, dos habitaciones reformadas, cuarto de baño completo con ducha.

Planta Baja: una habitación, amplio salón independiente con aire acondicionad y con acceso a un patio privado de 30 m2, solado, cocina independiente en buen estado de conservación, un aseo de cortesía y acceso a las escaleras para acceder al garaje y a la primera planta.

Primera planta: Recibidor con tres amplios dormitorios y dos baños completos, uno de ellos en suite principal, la cual también dispone de aire acondicionado, y armarios empotrados en todos los dormitorios.

Segunda planta: Buhardilla reformada, muy amplia con armarios empotrados y opción de cuarto de baño.

Suelos de parqué y grés porcelánico de gran calidad, carpintería interior de roble, carpintería exterior de aluminio climalit.

No lo dude y venga a visitarlo sin compromiso, le va a sorprender su inmejorable estado.

Y NO OLVIDE QUE PODEMOS CONSEGUIR HASTA EL 100% DE FINANCIACIÓN GRACIAS A NUESTRO DEPARTAMENTO DE INTERMEDIACIÓN FINANCIERA KIRON.
ESTUDIOS DE VIABILIDAD GRATUITOS.",0,1,1,1,0,1,0,1,1,1,"['https://cdn-media.medialabtc.it/es/agencies/md554/estates/582637/images/8123075/gallery_media.jpeg', 'https://cdn-media.medialabtc.it/es/agencies/md554/estates/582637/images/8123076/gallery_media.jpeg', 'https://cdn-media.medialabtc.it/es/agencies/md554/estates/582637/images/8123082/gallery_media.jpeg', 'https://cdn-media.medialabtc.it/es/agencies/md554/estates/582637/images/8123064/gallery_media.jpeg', 'https://cdn-media.medialabtc.it/es/agencies/md554/estates/582637/images/8123070/gallery_media.jpeg', 'https://cdn-media.medialabtc.it/es/agencies/md554/estates/582637/images/8123081/gallery_media.jpeg', 'https://cdn-media.medialabtc.it/es/agencies/md554/estates/582637/images/8123060/gallery_media.jpeg', 'https://cdn-media.medialabtc.it/es/agencies/md554/estates/582637/images/8123058/gallery_media.jpeg', 'https://cdn-media.medialabtc.it/es/agencies/md554/estates/582637/images/8123061/gallery_media.jpeg', 'https://cdn-media.medialabtc.it/es/agencies/md554/estates/582637/images/8123067/gallery_media.jpeg', 'https://cdn-media.medialabtc.it/es/agencies/md554/estates/582637/images/8123063/gallery_media.jpeg', 'https://cdn-media.medialabtc.it/es/agencies/md554/estates/582637/images/8123072/gallery_media.jpeg', 'https://cdn-media.medialabtc.it/es/agencies/md554/estates/582637/images/8123086/gallery_media.jpeg', 'https://cdn-media.medialabtc.it/es/agencies/md554/estates/582637/images/8123068/gallery_media.jpeg', 'https://cdn-media.medialabtc.it/es/agencies/md554/estates/582637/images/8123085/gallery_media.jpeg', 'https://cdn-media.medialabtc.it/es/agencies/md554/estates/582637/images/8123065/gallery_media.jpeg', 'https://cdn-media.medialabtc.it/es/agencies/md554/estates/582637/images/8123083/gallery_media.jpeg', 'https://cdn-media.medialabtc.it/es/agencies/md554/estates/582637/images/8123078/gallery_media.jpeg', 'https://cdn-media.medialabtc.it/es/agencies/md554/estates/582637/images/8123084/gallery_media.jpeg', 'https://cdn-media.medialabtc.it/es/agencies/md554/estates/582637/images/8123062/gallery_media.jpeg', 'https://cdn-media.medialabtc.it/es/agencies/md554/estates/582637/images/8123077/gallery_media.jpeg', 'https://cdn-media.medialabtc.it/es/agencies/md554/estates/582637/images/8123066/gallery_media.jpeg', 'https://cdn-media.medialabtc.it/es/agencies/md554/estates/582637/images/8123069/gallery_media.jpeg', 'https://cdn-media.medialabtc.it/es/agencies/md554/estates/582637/images/8123074/gallery_media.jpeg', 'https://cdn-media.medialabtc.it/es/agencies/md554/estates/582637/images/8123059/gallery_media.jpeg', 'https://cdn-media.medialabtc.it/es/agencies/md554/estates/582637/images/8123079/gallery_media.jpeg', 'https://cdn-media.medialabtc.it/es/agencies/md554/estates/582637/images/8123080/gallery_media.jpeg', 'https://cdn-media.medialabtc.it/es/agencies/md554/estates/582637/images/8123087/gallery_media.jpeg', 'https://cdn-media.medialabtc.it/es/agencies/md554/estates/582637/images/8123073/gallery_media.jpeg', 'https://cdn-media.medialabtc.it/es/agencies/md554/estates/582637/images/8123071/gallery_media.jpeg']",0,Buen estado,1,0,0,0,0,Desconocida,0,0,"['imagenes_tecnocasa\\anuncio_1636\\0.jpeg', 'imagenes_tecnocasa\\anuncio_1636\\1.jpeg', 'imagenes_tecnocasa\\anuncio_1636\\2.jpeg', 'imagenes_tecnocasa\\anuncio_1636\\3.jpeg', 'imagenes_tecnocasa\\anuncio_1636\\4.jpeg', 'imagenes_tecnocasa\\anuncio_1636\\5.jpeg', 'imagenes_tecnocasa\\anuncio_1636\\6.jpeg', 'imagenes_tecnocasa\\anuncio_1636\\7.jpeg', 'imagenes_tecnocasa\\anuncio_1636\\8.jpeg', 'imagenes_tecnocasa\\anuncio_1636\\9.jpeg', 'imagenes_tecnocasa\\anuncio_1636\\10.jpeg', 'imagenes_tecnocasa\\anuncio_1636\\11.jpeg', 'imagenes_tecnocasa\\anuncio_1636\\12.jpeg', 'imagenes_tecnocasa\\anuncio_1636\\13.jpeg', 'imagenes_tecnocasa\\anuncio_1636\\14.jpeg', 'imagenes_tecnocasa\\anuncio_1636\\15.jpeg', 'imagenes_tecnocasa\\anuncio_1636\\16.jpeg', 'imagenes_tecnocasa\\anuncio_1636\\17.jpeg', 'imagenes_tecnocasa\\anuncio_1636\\18.jpeg', 'imagenes_tecnocasa\\anuncio_1636\\19.jpeg', 'imagenes_tecnocasa\\anuncio_1636\\20.jpeg', 'imagenes_tecnocasa\\anuncio_1636\\21.jpeg', 'imagenes_tecnocasa\\anuncio_1636\\22.jpeg', 'imagenes_tecnocasa\\anuncio_1636\\23.jpeg', 'imagenes_tecnocasa\\anuncio_1636\\24.jpeg', 'imagenes_tecnocasa\\anuncio_1636\\25.jpeg', 'imagenes_tecnocasa\\anuncio_1636\\26.jpeg', 'imagenes_tecnocasa\\anuncio_1636\\27.jpeg', 'imagenes_tecnocasa\\anuncio_1636\\28.jpeg', 'imagenes_tecnocasa\\anuncio_1636\\29.jpeg']",1,Señorial,1999,0,0,0,casa,1,Alcalá de Henares,"Ensanche, Alcalá De Henares",40.481954,-3.363981,1636,1666.6666666666667,278.0,199.0,0.0,0.0,1.0,0.0,otro,pintura,corredera,estándar (2.4-2.8m),nada,3.4,4.6,convencional,"['#808080', '#007bff', '#ffffff']",regular,False,convencional,limitado,ninguno,ninguno,estándar,básica,ninguno,6.4,6.6,ninguna,5
https://www.tecnocasa.es/venta/casa/madrid/alcala-de-henares/598954.html,379900.0,4,176.0,1,"AGENCIA INMOBILIARIA DE ALCALÁ DE HENARES, OFICINA DE TECNOCASA ZONA ENSANCHE-NOGALES VENDE IMPECABLE CHALET ADOSADO EN EL ENSANCHE.

La zona destaca por su cómoda accesibilidad desde la Nacional A-2, además cuenta con numerosas paradas de autobús urbano e interurbano, y la estación de Alcalá de Henares a sólo 15 minutos andando.

Además la zona cuenta con una gran variedad de servicios como: Colegios ( Pablo Neruda, Alborada, Mozart.. . ) Institutos ( IES Pedro Gumiel, IES Doctor Marañón, IES Alborada. ) centro de especialidades Francisco Díaz, además de bancos, farmacias, bares y todo tipo de comercios.

La vivienda se encuentra en un INMEJORABLE ESTADO DE CONSERVACIÓN y está distribuida en cuatro plantas, se compone de:

Planta Baja: amplio salón independiente y con acceso a un patio privado de 30 m2, solado, cocina totalmente amueblada, un aseo de cortesía, habitación en la misma planta y acceso a las escaleras para acceder al garaje y a una habitación.

Primera planta: Recibidor con tres amplios dormitorios y dos baños completos, uno de ellos en suite principal, la cual también dispone de armarios empotrados.

Segunda planta: Buhardilla totalmente reformada, cuenta con acceso a una terraza solárium que la hacen un rincón muy luminoso y confortable, también dispone de aire acondicionado.

Suelos de parquet y grés de gran calidad, carpintería interior de roble, carpintería exterior de aluminio climalit.

La finca dispone de zonas comunes con PISCINA COMUNITARIA Y ZONAS VERDES.

No lo dude y venga a visitarlo sin compromiso, le va a sorprender su inmejorable estado.

Y NO OLVIDE QUE PODEMOS CONSEGUIR HASTA EL 100% DE FINANCIACIÓN GRACIAS A NUESTRO DEPARTAMENTO DE INTERMEDIACIÓN FINANCIERA KIRON.
ESTUDIOS DE VIABILIDAD GRATUITOS.",0,1,1,1,0,1,0,1,1,1,"['https://cdn-media.medialabtc.it/es/agencies/md554/estates/598954/images/8479054/gallery_media.jpeg', 'https://cdn-media.medialabtc.it/es/agencies/md554/estates/598954/images/8479053/gallery_media.jpeg', 'https://cdn-media.medialabtc.it/es/agencies/md554/estates/598954/images/8479050/gallery_media.jpeg', 'https://cdn-media.medialabtc.it/es/agencies/md554/estates/598954/images/8479041/gallery_media.jpeg', 'https://cdn-media.medialabtc.it/es/agencies/md554/estates/598954/images/8479045/gallery_media.jpeg', 'https://cdn-media.medialabtc.it/es/agencies/md554/estates/598954/images/8479048/gallery_media.jpeg', 'https://cdn-media.medialabtc.it/es/agencies/md554/estates/598954/images/8479043/gallery_media.jpeg', 'https://cdn-media.medialabtc.it/es/agencies/md554/estates/598954/images/8479032/gallery_media.jpeg', 'https://cdn-media.medialabtc.it/es/agencies/md554/estates/598954/images/8479035/gallery_media.jpeg', 'https://cdn-media.medialabtc.it/es/agencies/md554/estates/598954/images/8479038/gallery_media.jpeg', 'https://cdn-media.medialabtc.it/es/agencies/md554/estates/598954/images/8479040/gallery_media.jpeg', 'https://cdn-media.medialabtc.it/es/agencies/md554/estates/598954/images/8479039/gallery_media.jpeg', 'https://cdn-media.medialabtc.it/es/agencies/md554/estates/598954/images/8479047/gallery_media.jpeg', 'https://cdn-media.medialabtc.it/es/agencies/md554/estates/598954/images/8479034/gallery_media.jpeg', 'https://cdn-media.medialabtc.it/es/agencies/md554/estates/598954/images/8479037/gallery_media.jpeg', 'https://cdn-media.medialabtc.it/es/agencies/md554/estates/598954/images/8479049/gallery_media.jpeg', 'https://cdn-media.medialabtc.it/es/agencies/md554/estates/598954/images/8479030/gallery_media.jpeg', 'https://cdn-media.medialabtc.it/es/agencies/md554/estates/598954/images/8479031/gallery_media.jpeg', 'https://cdn-media.medialabtc.it/es/agencies/md554/estates/598954/images/8479028/gallery_media.jpeg', 'https://cdn-media.medialabtc.it/es/agencies/md554/estates/598954/images/8479052/gallery_media.jpeg', 'https://cdn-media.medialabtc.it/es/agencies/md554/estates/598954/images/8479046/gallery_media.jpeg', 'https://cdn-media.medialabtc.it/es/agencies/md554/estates/598954/images/8479051/gallery_media.jpeg', 'https://cdn-media.medialabtc.it/es/agencies/md554/estates/598954/images/8479036/gallery_media.jpeg', 'https://cdn-media.medialabtc.it/es/agencies/md554/estates/598954/images/8479033/gallery_media.jpeg', 'https://cdn-media.medialabtc.it/es/agencies/md554/estates/598954/images/8479042/gallery_media.jpeg', 'https://cdn-media.medialabtc.it/es/agencies/md554/estates/598954/images/8479044/gallery_media.jpeg', 'https://cdn-media.medialabtc.it/es/agencies/md554/estates/598954/images/8479056/gallery_media.jpeg', 'https://cdn-media.medialabtc.it/es/agencies/md554/estates/598954/images/8479057/gallery_media.jpeg', 'https://cdn-media.medialabtc.it/es/agencies/md554/estates/598954/images/8479029/gallery_media.jpeg', 'https://cdn-media.medialabtc.it/es/agencies/md554/estates/598954/images/8479055/gallery_media.jpeg']",0,Desconocido,1,0,1,1,0,E,0,0,"['imagenes_tecnocasa\\anuncio_1637\\0.jpeg', 'imagenes_tecnocasa\\anuncio_1637\\1.jpeg', 'imagenes_tecnocasa\\anuncio_1637\\2.jpeg', 'imagenes_tecnocasa\\anuncio_1637\\3.jpeg', 'imagenes_tecnocasa\\anuncio_1637\\4.jpeg', 'imagenes_tecnocasa\\anuncio_1637\\5.jpeg', 'imagenes_tecnocasa\\anuncio_1637\\6.jpeg', 'imagenes_tecnocasa\\anuncio_1637\\7.jpeg', 'imagenes_tecnocasa\\anuncio_1637\\8.jpeg', 'imagenes_tecnocasa\\anuncio_1637\\9.jpeg', 'imagenes_tecnocasa\\anuncio_1637\\10.jpeg', 'imagenes_tecnocasa\\anuncio_1637\\11.jpeg', 'imagenes_tecnocasa\\anuncio_1637\\12.jpeg', 'imagenes_tecnocasa\\anuncio_1637\\13.jpeg', 'imagenes_tecnocasa\\anuncio_1637\\14.jpeg', 'imagenes_tecnocasa\\anuncio_1637\\15.jpeg', 'imagenes_tecnocasa\\anuncio_1637\\16.jpeg', 'imagenes_tecnocasa\\anuncio_1637\\17.jpeg', 'imagenes_tecnocasa\\anuncio_1637\\18.jpeg', 'imagenes_tecnocasa\\anuncio_1637\\19.jpeg', 'imagenes_tecnocasa\\anuncio_1637\\20.jpeg', 'imagenes_tecnocasa\\anuncio_1637\\21.jpeg', 'imagenes_tecnocasa\\anuncio_1637\\22.jpeg', 'imagenes_tecnocasa\\anuncio_1637\\23.jpeg', 'imagenes_tecnocasa\\anuncio_1637\\24.jpeg', 'imagenes_tecnocasa\\anuncio_1637\\25.jpeg', 'imagenes_tecnocasa\\anuncio_1637\\26.jpeg', 'imagenes_tecnocasa\\anuncio_1637\\27.jpeg', 'imagenes_tecnocasa\\anuncio_1637\\28.jpeg', 'imagenes_tecnocasa\\anuncio_1637\\29.jpeg']",1,Media,1999,1,0,0,casa,1,Alcalá de Henares,"Ensanche, Alcalá De Henares",40.481954,-3.363981,1637,2158.5227272727275,274.0,196.0,0.0,0.0,2.0,0.0,parquet,pintura,corredera,estándar (2.4-2.8m),nada,4.2,4.0,clásico,"['#A08E7B', '#FFFFFF', '#A77D63']",buena,False,convencional,normal,ninguno,ninguno,estándar,parcialmente equipada,ninguno,6.2,7.2,ninguna,5
https://www.tecnocasa.es/venta/piso/madrid/pozuelo-de-alarcon/554158.html,520000.0,2,103.0,2,"Agencia inmobiliaria de Pozuelo de Alarcón Estudio Inmobiliario Pozuelo SL
SAN TECNOCASA VENDE EN EXCLUSIVA vivienda prácticamente a estrenar en edificio construido en el año 2019.Orientación sureste.
Distribuida en hall, pasillo, cocina office con tendedero, salón comedor de gran dimensión, 2 dormitorios y 2 baños con plato de ducha, uno de ellos incorporado al dormitorio principal. 5 armarios empotrados, puertas lacadas en blanco y puerta principal acorazada. Ventanas PVC abatibles y oscilo. Suelo de tarima.
Orientación suroeste, aire por conductos LG en toda la vivienda y calefacción por gas natural individual con caldera Saunier Duval.
Ascensor.
Se vende con trastero.
La información que se detalla en este anuncio es meramente orientativa y no se considerará en ningún caso como contractual o vinculante puesto que podría contener errores. El precio no incluye honorarios de intermediación ni gastos de notaría, registro o ITP (Impuesto Transmisiones Patrimoniales).
¡¡¡¡Ya tenemos los tickets del parking con la primera hora gratuita para que puedas venir a ver la vivienda aparcando en la misma plaza Padre Vallet!!!!",0,1,1,1,1,1,1,1,1,1,"['https://cdn-media.medialabtc.it/es/agencies/mdba9/estates/554158/images/7474972/gallery_media.jpeg', 'https://cdn-media.medialabtc.it/es/agencies/mdba9/estates/554158/images/7475029/gallery_media.jpeg', 'https://cdn-media.medialabtc.it/es/agencies/mdba9/estates/554158/images/7475033/gallery_media.jpeg', 'https://cdn-media.medialabtc.it/es/agencies/mdba9/estates/554158/images/7474973/gallery_media.jpeg', 'https://cdn-media.medialabtc.it/es/agencies/mdba9/estates/554158/images/7475034/gallery_media.jpeg', 'https://cdn-media.medialabtc.it/es/agencies/mdba9/estates/554158/images/7475032/gallery_media.jpeg', 'https://cdn-media.medialabtc.it/es/agencies/mdba9/estates/554158/images/7475020/gallery_media.jpeg', 'https://cdn-media.medialabtc.it/es/agencies/mdba9/estates/554158/images/7475027/gallery_media.jpeg', 'https://cdn-media.medialabtc.it/es/agencies/mdba9/estates/554158/images/7475031/gallery_media.jpeg', 'https://cdn-media.medialabtc.it/es/agencies/mdba9/estates/554158/images/7474974/gallery_media.jpeg', 'https://cdn-media.medialabtc.it/es/agencies/mdba9/estates/554158/images/7474975/gallery_media.jpeg', 'https://cdn-media.medialabtc.it/es/agencies/mdba9/estates/554158/images/7475024/gallery_media.jpeg', 'https://cdn-media.medialabtc.it/es/agencies/mdba9/estates/554158/images/7475038/gallery_media.jpeg', 'https://cdn-media.medialabtc.it/es/agencies/mdba9/estates/554158/images/7475039/gallery_media.jpeg', 'https://cdn-media.medialabtc.it/es/agencies/mdba9/estates/554158/images/7475022/gallery_media.jpeg', 'https://cdn-media.medialabtc.it/es/agencies/mdba9/estates/554158/images/7475037/gallery_media.jpeg', 'https://cdn-media.medialabtc.it/es/agencies/mdba9/estates/554158/images/7475017/gallery_media.jpeg', 'https://cdn-media.medialabtc.it/es/agencies/mdba9/estates/554158/images/7475028/gallery_media.jpeg', 'https://cdn-media.medialabtc.it/es/agencies/mdba9/estates/554158/images/7475035/gallery_media.jpeg', 'https://cdn-media.medialabtc.it/es/agencies/mdba9/estates/554158/images/7475025/gallery_media.jpeg', 'https://cdn-media.medialabtc.it/es/agencies/mdba9/estates/554158/images/7475019/gallery_media.jpeg', 'https://cdn-media.medialabtc.it/es/agencies/mdba9/estates/554158/images/7475023/gallery_media.jpeg', 'https://cdn-media.medialabtc.it/es/agencies/mdba9/estates/554158/images/7475030/gallery_media.jpeg', 'https://cdn-media.medialabtc.it/es/agencies/mdba9/estates/554158/images/7475036/gallery_media.jpeg', 'https://cdn-media.medialabtc.it/es/agencies/mdba9/estates/554158/images/7475018/gallery_media.jpeg', 'https://cdn-media.medialabtc.it/es/agencies/mdba9/estates/554158/images/7475021/gallery_media.jpeg', 'https://cdn-media.medialabtc.it/es/agencies/mdba9/estates/554158/images/7474976/gallery_media.jpeg', 'https://cdn-media.medialabtc.it/es/agencies/mdba9/estates/554158/images/7475026/gallery_media.jpeg']",0,Desconocido,1,1,0,0,0,B,0,0,"['imagenes_tecnocasa\\anuncio_1650\\0.jpeg', 'imagenes_tecnocasa\\anuncio_1650\\1.jpeg', 'imagenes_tecnocasa\\anuncio_1650\\2.jpeg', 'imagenes_tecnocasa\\anuncio_1650\\3.jpeg', 'imagenes_tecnocasa\\anuncio_1650\\4.jpeg', 'imagenes_tecnocasa\\anuncio_1650\\5.jpeg', 'imagenes_tecnocasa\\anuncio_1650\\6.jpeg', 'imagenes_tecnocasa\\anuncio_1650\\7.jpeg', 'imagenes_tecnocasa\\anuncio_1650\\8.jpeg', 'imagenes_tecnocasa\\anuncio_1650\\9.jpeg', 'imagenes_tecnocasa\\anuncio_1650\\10.jpeg', 'imagenes_tecnocasa\\anuncio_1650\\11.jpeg', 'imagenes_tecnocasa\\anuncio_1650\\12.jpeg', 'imagenes_tecnocasa\\anuncio_1650\\13.jpeg', 'imagenes_tecnocasa\\anuncio_1650\\14.jpeg', 'imagenes_tecnocasa\\anuncio_1650\\15.jpeg', 'imagenes_tecnocasa\\anuncio_1650\\16.jpeg', 'imagenes_tecnocasa\\anuncio_1650\\17.jpeg', 'imagenes_tecnocasa\\anuncio_1650\\18.jpeg', 'imagenes_tecnocasa\\anuncio_1650\\19.jpeg', 'imagenes_tecnocasa\\anuncio_1650\\20.jpeg', 'imagenes_tecnocasa\\anuncio_1650\\21.jpeg', 'imagenes_tecnocasa\\anuncio_1650\\22.jpeg', 'imagenes_tecnocasa\\anuncio_1650\\23.jpeg', 'imagenes_tecnocasa\\anuncio_1650\\24.jpeg', 'imagenes_tecnocasa\\anuncio_1650\\25.jpeg', 'imagenes_tecnocasa\\anuncio_1650\\26.jpeg', 'imagenes_tecnocasa\\anuncio_1650\\27.jpeg']",1,Popular,2019,1,0,0,piso,2,Pozuelo de Alarcón,Pozuelo De Alarcón,40.4346528,-3.814834,1650,5048.543689320389,170.0,134.0,0.05,0.4,0.0,0.0,parquet,pintura,ninguna visible,estándar (2.4-2.8m),nada,4.8,5.8,moderno,"['#FFF8DC', '#A0522D', '#8B4513']",regular,False,convencional,limitado,ninguno,ninguno,estándar,básica,ninguno,6.8,6.6,ninguna,5
https://www.tecnocasa.es/venta/piso/madrid/madrid/597280.html,415000.0,1,65.0,2,"'Agencia inmobiliaria de MADRID - zona SALAMANCA - ESTUDIO GUINDALERA - FRANCISCO SILVELA - DIEGO DE LEÓN

Oficina Tecnocasa vende en exclusiva:

La vivienda se sitúa en la tercera planta de un edificio muy moderno y con pocos años construido en el 2003, en la calle Pilar de Zaragoza, muy cerca de la arteria principal del barrio de la Guindalera que es la calle Cartagena, muy cerca del hospital de la 'princesa' de la plaza de 'San Cayetano' y de la plaza de toros de 'LAS VENTAS' en una de las zonas más cotizadas de Madrid, es una oportunidad ideal para aquellos que buscan una zona tranquila donde vivir en una casa muy agradable y con todas las comodidades.

Con techos altos que añaden un toque de carácter y luminosidad, la vivienda consta de hall recibidor, un amplio salón, una cocina independiente muy cuadrada y luminosa con acceso a una terraza lavadero, un dormitorio de buen tamaño con armarios y vistas al parque de la zona peatonal de la guindalera, un cuarto de baño completo.
La calefacción de la vivienda es individual, dispone de aire acondicionado (2 split).


La ubicación de esta propiedad sigue siendo su punto fuerte. Está en una de las mejores zonas de Madrid, con acceso a tiendas exclusivas, restaurantes y una amplia gama de servicios. Además, la excelente conectividad con el transporte público facilita el desplazamiento por toda la ciudad.

Los suelos de la vivienda son de parquet, las ventanas de climalit con persianas con nuevas, la puerta blindada y la calefacción de la finca es individual.

En resumen, este piso en la calle Pilar de Zaragoza es una excelente oportunidad para aquellos dispuestos a comenzar una nueva vida en el barrio de la GUINDALERA. Con su ubicación inmejorable y su potencial, ofrece la posibilidad de tener un hogar en una de las zonas más prestigiosas de Madrid.

La urbanización dispone de ascensor, zonas comunes en muy buen estado de conservación, portero físico, garajes y trasteros.

Disponemos de nuestro departamento financiero Kíron de consulta gratuita para nuestros clientes.",1,1,1,1,1,1,1,1,1,1,"['https://cdn-media.medialabtc.it/es/agencies/mdasa/estates/597280/images/8444774/gallery_media.jpeg', 'https://cdn-media.medialabtc.it/es/agencies/mdasa/estates/597280/images/8444779/gallery_media.jpeg', 'https://cdn-media.medialabtc.it/es/agencies/mdasa/estates/597280/images/8439344/gallery_media.jpeg', 'https://cdn-media.medialabtc.it/es/agencies/mdasa/estates/597280/images/8444782/gallery_media.jpeg', 'https://cdn-media.medialabtc.it/es/agencies/mdasa/estates/597280/images/8444773/gallery_media.jpeg', 'https://cdn-media.medialabtc.it/es/agencies/mdasa/estates/597280/images/8439352/gallery_media.jpeg', 'https://cdn-media.medialabtc.it/es/agencies/mdasa/estates/597280/images/8444781/gallery_media.jpeg', 'https://cdn-media.medialabtc.it/es/agencies/mdasa/estates/597280/images/8439393/gallery_media.jpeg', 'https://cdn-media.medialabtc.it/es/agencies/mdasa/estates/597280/images/8444786/gallery_media.jpeg', 'https://cdn-media.medialabtc.it/es/agencies/mdasa/estates/597280/images/8439348/gallery_media.jpeg', 'https://cdn-media.medialabtc.it/es/agencies/mdasa/estates/597280/images/8444778/gallery_media.jpeg', 'https://cdn-media.medialabtc.it/es/agencies/mdasa/estates/597280/images/8439345/gallery_media.jpeg', 'https://cdn-media.medialabtc.it/es/agencies/mdasa/estates/597280/images/8444783/gallery_media.jpeg', 'https://cdn-media.medialabtc.it/es/agencies/mdasa/estates/597280/images/8439350/gallery_media.jpeg', 'https://cdn-media.medialabtc.it/es/agencies/mdasa/estates/597280/images/8444776/gallery_media.jpeg', 'https://cdn-media.medialabtc.it/es/agencies/mdasa/estates/597280/images/8444780/gallery_media.jpeg', 'https://cdn-media.medialabtc.it/es/agencies/mdasa/estates/597280/images/8444775/gallery_media.jpeg', 'https://cdn-media.medialabtc.it/es/agencies/mdasa/estates/597280/images/8444772/gallery_media.jpeg', 'https://cdn-media.medialabtc.it/es/agencies/mdasa/estates/597280/images/8439343/gallery_media.jpeg', 'https://cdn-media.medialabtc.it/es/agencies/mdasa/estates/597280/images/8444777/gallery_media.jpeg', 'https://cdn-media.medialabtc.it/es/agencies/mdasa/estates/597280/images/8439346/gallery_media.jpeg', 'https://cdn-media.medialabtc.it/es/agencies/mdasa/estates/597280/images/8439394/gallery_media.jpeg', 'https://cdn-media.medialabtc.it/es/agencies/mdasa/estates/597280/images/8439351/gallery_media.jpeg', 'https://cdn-media.medialabtc.it/es/agencies/mdasa/estates/597280/images/8444771/gallery_media.jpeg', 'https://cdn-media.medialabtc.it/es/agencies/mdasa/estates/597280/images/8439349/gallery_media.jpeg', 'https://cdn-media.medialabtc.it/es/agencies/mdasa/estates/597280/images/8444785/gallery_media.jpeg', 'https://cdn-media.medialabtc.it/es/agencies/mdasa/estates/597280/images/8444784/gallery_media.jpeg', 'https://cdn-media.medialabtc.it/es/agencies/mdasa/estates/597280/images/8439347/gallery_media.jpeg']",1,Desconocido,0,0,0,1,1,D,0,1,"['imagenes_tecnocasa\\anuncio_1653\\0.jpeg', 'imagenes_tecnocasa\\anuncio_1653\\1.jpeg', 'imagenes_tecnocasa\\anuncio_1653\\2.jpeg', 'imagenes_tecnocasa\\anuncio_1653\\3.jpeg', 'imagenes_tecnocasa\\anuncio_1653\\4.jpeg', 'imagenes_tecnocasa\\anuncio_1653\\5.jpeg', 'imagenes_tecnocasa\\anuncio_1653\\6.jpeg', 'imagenes_tecnocasa\\anuncio_1653\\7.jpeg', 'imagenes_tecnocasa\\anuncio_1653\\8.jpeg', 'imagenes_tecnocasa\\anuncio_1653\\9.jpeg', 'imagenes_tecnocasa\\anuncio_1653\\10.jpeg', 'imagenes_tecnocasa\\anuncio_1653\\11.jpeg', 'imagenes_tecnocasa\\anuncio_1653\\12.jpeg', 'imagenes_tecnocasa\\anuncio_1653\\13.jpeg', 'imagenes_tecnocasa\\anuncio_1653\\14.jpeg', 'imagenes_tecnocasa\\anuncio_1653\\15.jpeg', 'imagenes_tecnocasa\\anuncio_1653\\16.jpeg', 'imagenes_tecnocasa\\anuncio_1653\\17.jpeg', 'imagenes_tecnocasa\\anuncio_1653\\18.jpeg', 'imagenes_tecnocasa\\anuncio_1653\\19.jpeg', 'imagenes_tecnocasa\\anuncio_1653\\20.jpeg', 'imagenes_tecnocasa\\anuncio_1653\\21.jpeg', 'imagenes_tecnocasa\\anuncio_1653\\22.jpeg', 'imagenes_tecnocasa\\anuncio_1653\\23.jpeg', 'imagenes_tecnocasa\\anuncio_1653\\24.jpeg', 'imagenes_tecnocasa\\anuncio_1653\\25.jpeg', 'imagenes_tecnocasa\\anuncio_1653\\26.jpeg', 'imagenes_tecnocasa\\anuncio_1653\\27.jpeg']",0,Media,2003,0,0,0,piso,2,Guindalera,"Guindalera, Madrid",40.436356,-3.6680189,1653,6384.615384615385,342.0,188.0,0.3,0.6,2.0,1.0,cerámica,pintura,corredera,estándar (2.4-2.8m),nada,3.8,5.2,moderno,"['#F2F2F2', '#A02020', '#FFFFFF']",buena,False,convencional,limitado,ninguno,ninguno,estándar,básica,ninguno,6.6,7.2,ninguna,5
